,week,region1,region2,region3,region4
0,0,0,0,0,1
1,1,0,0,0,1
2,2,1,0,0,0
3,3,0,0,1,1
4,4,0,0,0,0
5,5,0,0,0,1
6,6,0,0,0,1
7,7,0,0,0,0
8,8,0,0,0,0
9,9,0,0,0,1
10,10,0,0,0,1
11,11,0,0,1,0
12,12,0,0,1,0
13,13,0,0,0,1
14,14,0,0,0,0
15,15,1,1,0,1
16,16,0,0,1,0
17,17,0,0,0,0
18,18,0,0,0,1
19,19,0,0,0,1
20,20,0,0,0,1
21,21,0,0,1,0
22,22,0,1,0,0
23,23,0,0,1,1
24,24,0,0,0,0
25,25,0,0,0,1
26,26,0,0,0,0
27,27,0,0,0,1
28,28,0,0,0,1
29,29,0,0,1,1
30,30,1,1,0,1
31,31,0,0,0,0
32,32,0,0,0,0
33,33,0,0,0,1
34,34,0,0,0,0
35,35,0,0,0,0
36,36,0,0,0,0
37,37,0,0,0,1
38,38,0,0,0,1
39,39,0,0,0,0
40,40,0,0,0,1
41,41,0,0,0,0
42,42,0,0,0,1
43,43,0,1,1,0
44,44,0,0,0,0
45,45,0,0,0,1
46,46,0,0,1,1
47,47,0,1,1,1
48,48,0,0,0,0
49,49,0,0,1,0
50,50,0,0,1,0
51,51,0,0,0,1
52,52,0,0,0,1
53,53,0,0,0,0
54,54,0,0,1,0
55,55,0,0,0,0
56,56,0,1,0,1
57,57,0,0,0,0
58,58,0,0,1,1
59,59,0,0,1,1
60,60,0,0,1,1
61,61,0,0,1,0
62,62,0,0,0,1
63,63,0,0,1,1
64,64,1,0,0,1
65,65,0,0,0,1
66,66,0,0,0,0
67,67,0,0,1,1
68,68,0,0,1,1
69,69,1,0,0,0
70,70,0,0,0,0
71,71,0,0,0,0
72,72,0,0,0,0
73,73,0,0,0,1
74,74,0,0,0,0
75,75,0,0,1,0
76,76,0,0,0,1
77,77,0,0,0,0
78,78,0,0,0,1
79,79,0,1,0,1
80,80,0,0,1,1
81,81,0,0,0,1
82,82,0,0,0,0
83,83,0,0,1,1
84,84,0,0,0,1
85,85,0,0,0,1
86,86,0,0,0,0
87,87,0,0,1,0
88,88,1,1,0,1
89,89,0,0,0,0
90,90,0,0,1,1
91,91,0,0,0,1
92,92,1,1,0,0
93,93,0,0,0,1
94,94,0,0,0,1
95,95,0,0,0,0
96,96,0,0,0,1
97,97,0,0,0,1
98,98,0,0,0,0
99,99,0,0,0,0
100,100,0,0,1,1
101,101,0,0,0,1
102,102,0,0,1,1
103,103,0,0,0,0
104,104,0,0,0,0
105,105,0,0,0,0
106,106,0,1,1,1
107,107,0,0,0,0
108,108,0,0,0,1
109,109,0,0,0,1
110,110,0,0,0,1
111,111,0,0,1,0
112,112,0,0,0,0
113,113,0,0,0,1
114,114,0,0,0,0
115,115,0,0,0,1
116,116,0,0,0,1
117,117,0,0,0,0
118,118,0,0,1,1
119,119,0,0,0,1
120,120,0,0,0,1
121,121,0,0,0,1
122,122,0,0,0,0
123,123,0,0,0,1
124,124,0,0,0,1
125,125,0,0,0,1
126,126,0,0,0,1
127,127,0,0,0,1
128,128,0,0,0,0
129,129,0,0,0,0
130,130,0,1,0,0
131,131,0,0,1,1
132,132,0,1,0,0
133,133,0,1,0,1
134,134,0,0,0,0
135,135,0,0,0,1
136,136,0,0,0,0
137,137,0,0,0,0
138,138,0,0,0,0
139,139,0,0,0,0
140,140,0,0,0,0
141,141,0,0,0,1
142,142,0,1,0,0
143,143,0,0,0,1
144,144,0,0,1,0
145,145,0,0,1,0
146,146,0,1,0,1
147,147,0,0,1,1
148,148,0,0,1,1
149,149,0,0,0,0
150,150,0,0,0,1
151,151,1,0,0,1
152,152,0,0,0,1
153,153,0,0,1,1
154,154,0,0,0,0
155,155,0,0,0,1
156,156,0,0,0,0
157,157,0,0,0,0
158,158,1,0,1,1
159,159,0,0,0,1
160,160,0,0,0,1
161,161,0,0,0,0
162,162,1,0,1,0
163,163,0,0,0,1
164,164,0,1,0,1
165,165,0,0,0,1
166,166,0,0,0,0
167,167,0,1,0,0
168,168,0,1,1,1
169,169,0,0,0,0
170,170,0,0,1,1
171,171,0,0,1,0
172,172,0,0,0,0
173,173,0,0,0,0
174,174,0,0,1,1
175,175,1,0,0,1
176,176,0,0,1,1
177,177,0,0,0,1
178,178,0,0,0,0
179,179,0,0,1,1
180,180,0,1,0,0
181,181,0,0,0,0
182,182,0,0,0,1
183,183,0,0,0,1
184,184,0,0,0,1
185,185,0,0,1,0
186,186,0,0,0,1
187,187,0,0,0,1
188,188,0,0,0,0
189,189,0,0,0,0
190,190,0,0,0,1
191,191,0,0,0,1
192,192,0,0,0,1
193,193,0,0,0,1
194,194,0,0,0,0
195,195,0,0,0,0
196,196,0,0,0,1
197,197,0,0,0,0
198,198,0,0,1,1
199,199,0,0,0,1
200,200,0,1,0,1
201,201,0,0,1,1
202,202,0,0,0,1
203,203,0,0,0,0
204,204,1,0,0,0
205,205,0,0,1,1
206,206,0,0,0,0
207,207,1,0,0,0
208,208,1,0,0,0
209,209,0,0,0,1
210,210,0,0,0,0
211,211,0,0,0,1
212,212,0,0,1,1
213,213,0,1,1,0
214,214,0,0,0,1
215,215,0,0,0,1
216,216,0,0,1,1
217,217,0,0,0,1
218,218,0,0,1,1
219,219,0,0,0,1
220,220,0,0,1,1
221,221,0,0,0,1
222,222,0,0,0,0
223,223,0,0,0,1
224,224,0,0,1,0
225,225,0,0,1,1
226,226,0,0,0,1
227,227,0,0,0,1
228,228,0,0,1,1
229,229,0,1,0,1
230,230,0,0,0,1
231,231,0,0,1,1
232,232,0,0,0,1
233,233,0,1,0,1
234,234,0,0,0,1
235,235,0,0,0,1
236,236,0,0,0,1
237,237,0,0,0,0
238,238,0,0,1,1
239,239,1,0,0,1
240,240,0,0,0,1
241,241,0,0,0,1
242,242,0,0,0,0
243,243,0,0,0,0
244,244,0,0,0,0
245,245,0,0,0,1
246,246,0,0,0,1
247,247,0,0,0,0
248,248,0,0,1,0
249,249,0,0,0,0
250,250,0,0,0,1
251,251,0,0,0,1
252,252,0,0,0,0
253,253,0,0,1,1
254,254,0,0,0,1
255,255,0,0,0,0
256,256,0,0,0,0
257,257,0,0,0,1
258,258,0,0,0,1
259,259,0,0,0,0
260,260,0,0,1,0
261,261,0,0,0,0
262,262,0,1,0,0
263,263,0,1,1,0
264,264,0,1,0,0
265,265,0,0,0,1
266,266,0,0,1,1
267,267,0,0,1,1
268,268,0,0,0,1
269,269,1,0,0,0
270,270,0,1,0,1
271,271,0,0,1,1
272,272,0,0,1,1
273,273,0,0,0,0
274,274,0,0,0,1
275,275,0,0,1,1
276,276,0,0,0,0
277,277,1,0,1,0
278,278,0,1,0,0
279,279,1,0,0,1
280,280,0,0,1,1
281,281,0,0,0,0
282,282,0,0,0,0
283,283,0,0,1,1
284,284,0,0,0,0
285,285,0,0,0,1
286,286,0,0,0,1
287,287,0,0,0,1
288,288,0,0,1,0
289,289,0,0,0,0
290,290,0,0,0,1
291,291,0,0,0,1
292,292,0,0,0,1
293,293,0,0,1,0
294,294,1,0,0,1
295,295,0,0,0,1
296,296,0,0,0,0
297,297,0,0,1,1
298,298,0,0,0,1
299,299,0,0,0,1
300,300,0,0,0,1
301,301,0,0,1,0
302,302,0,0,0,1
303,303,0,0,1,0
304,304,0,0,0,1
305,305,0,1,1,0
306,306,0,0,1,0
307,307,0,0,0,1
308,308,0,1,1,1
309,309,0,0,0,0
310,310,0,0,0,0
311,311,0,0,0,1
312,312,0,0,0,1
313,313,0,0,0,0
314,314,0,0,0,1
315,315,0,1,0,0
316,316,0,0,0,1
317,317,0,0,0,1
318,318,0,0,1,1
319,319,0,0,0,0
320,320,0,0,1,0
321,321,0,0,1,1
322,322,0,0,0,1
323,323,0,0,0,1
324,324,0,0,0,1
325,325,0,0,1,1
326,326,0,0,1,0
327,327,0,0,0,1
328,328,0,0,1,1
329,329,0,1,0,0
330,330,1,1,0,0
331,331,1,0,0,1
332,332,1,0,0,0
333,333,0,0,1,1
334,334,0,1,0,0
335,335,0,0,0,1
336,336,0,0,0,1
337,337,1,1,0,0
338,338,0,0,1,0
339,339,0,0,0,0
340,340,0,0,0,1
341,341,0,0,0,1
342,342,0,0,0,0
343,343,0,1,0,1
344,344,0,0,0,1
345,345,0,0,0,1
346,346,0,0,0,1
347,347,0,0,0,1
348,348,0,0,0,1
349,349,0,0,0,1
350,350,0,0,0,1
351,351,0,0,0,0
352,352,0,0,0,1
353,353,0,0,0,1
354,354,0,1,0,0
355,355,0,0,0,1
356,356,0,0,0,1
357,357,0,0,0,1
358,358,0,0,0,0
359,359,0,0,1,0
360,360,0,0,0,0
361,361,0,0,0,0
362,362,0,0,0,1
363,363,0,0,0,1
364,364,0,0,1,0
365,365,0,0,1,1
366,366,0,0,0,1
367,367,0,0,0,1
368,368,0,0,1,0
369,369,0,0,0,0
370,370,0,0,1,0
371,371,0,0,0,0
372,372,0,0,0,1
373,373,0,0,0,1
374,374,0,0,0,1
375,375,0,0,0,0
376,376,0,0,0,1
377,377,0,1,0,0
378,378,0,0,0,0
379,379,0,0,0,0
380,380,0,0,0,1
381,381,0,0,0,1
382,382,0,1,0,1
383,383,0,0,0,1
384,384,0,0,0,1
385,385,0,0,1,1
386,386,0,0,0,0
387,387,0,0,1,1
388,388,0,0,0,1
389,389,0,0,0,0
390,390,0,0,0,0
391,391,0,1,0,0
392,392,0,1,0,1
393,393,0,0,0,0
394,394,0,0,0,1
395,395,0,0,0,0
396,396,0,0,0,1
397,397,1,0,0,0
398,398,0,0,0,0
399,399,0,0,0,0
400,400,1,0,0,0
401,401,0,0,0,1
402,402,1,0,0,1
403,403,1,0,0,0
404,404,0,0,1,1
405,405,0,1,1,1
406,406,0,0,1,1
407,407,0,0,0,0
408,408,0,1,0,0
409,409,1,0,0,0
410,410,0,0,0,1
411,411,0,0,0,0
412,412,0,1,0,1
413,413,0,1,1,0
414,414,1,0,0,1
415,415,0,0,1,0
416,416,0,0,0,1
417,417,0,0,1,1
418,418,0,0,0,0
419,419,0,0,0,0
420,420,0,0,0,1
421,421,1,0,1,0
422,422,0,1,0,0
423,423,1,0,1,0
424,424,0,0,0,1
425,425,0,0,1,0
426,426,0,0,0,0
427,427,0,0,0,0
428,428,0,0,1,0
429,429,0,0,0,1
430,430,0,0,0,1
431,431,0,0,0,0
432,432,0,0,0,0
433,433,0,0,0,1
434,434,0,0,0,0
435,435,1,0,0,0
436,436,1,0,0,0
437,437,1,0,1,0
438,438,1,0,1,0
439,439,0,0,0,1
440,440,0,0,0,0
441,441,0,0,0,1
442,442,0,0,0,0
443,443,1,0,0,1
444,444,0,0,0,0
445,445,0,1,0,0
446,446,0,0,0,1
447,447,0,0,0,0
448,448,0,0,0,0
449,449,0,0,0,0
450,450,0,0,0,1
451,451,0,0,0,0
452,452,0,1,0,0
453,453,1,0,0,0
454,454,0,1,1,0
455,455,0,0,0,0
456,456,0,0,0,0
457,457,0,1,0,1
458,458,1,0,0,0
459,459,0,1,1,0
460,460,0,0,1,1
461,461,0,0,0,1
462,462,1,0,1,0
463,463,0,1,0,1
464,464,0,0,1,1
465,465,0,0,0,0
466,466,0,0,0,1
467,467,0,1,0,0
468,468,0,0,0,1
469,469,0,0,0,0
470,470,0,0,0,0
471,471,0,1,1,0
472,472,0,0,0,0
473,473,0,0,0,0
474,474,0,0,0,0
475,475,0,0,0,1
476,476,0,0,0,1
477,477,0,0,0,0
478,478,0,0,0,1
479,479,0,0,1,0
480,480,0,0,0,1
481,481,0,0,0,0
482,482,0,0,0,0
483,483,0,0,0,0
484,484,0,0,0,0
485,485,0,1,0,0
486,486,0,0,1,0
487,487,0,0,0,0
488,488,0,0,0,0
489,489,0,0,0,1
490,490,0,0,0,0
491,491,0,0,0,1
492,492,0,0,0,0
493,493,1,1,0,0
494,494,0,0,0,1
495,495,0,0,0,1
496,496,0,0,0,1
497,497,0,0,0,0
498,498,0,1,0,0
499,499,0,0,1,0
500,500,0,0,0,0
501,501,0,0,0,1
502,502,0,0,0,0
503,503,0,1,0,0
504,504,0,0,0,0
505,505,0,0,0,0
506,506,0,0,1,0
507,507,0,0,0,1
508,508,0,0,1,1
509,509,0,0,0,0
510,510,0,0,0,0
511,511,0,0,1,1
512,512,0,0,0,1
513,513,0,0,0,0
514,514,0,0,0,0
515,515,0,0,0,1
516,516,0,0,1,0
517,517,0,0,0,0
518,518,0,0,1,0
519,519,0,0,0,0
520,520,0,0,1,0
521,521,0,0,0,0
522,522,0,0,1,0
523,523,0,0,0,1
524,524,0,0,0,0
525,525,0,0,0,0
526,526,1,0,1,1
527,527,0,0,0,0
528,528,0,0,0,0
529,529,0,1,1,0
530,530,0,0,0,0
531,531,0,1,0,0
532,532,0,0,0,0
533,533,0,0,0,1
534,534,0,0,0,1
535,535,0,0,0,1
536,536,0,1,1,0
537,537,0,0,0,0
538,538,0,0,0,0
539,539,0,1,0,0
540,540,0,0,0,0
541,541,0,0,0,1
542,542,0,0,0,0
543,543,0,0,0,1
544,544,0,0,0,0
545,545,0,0,0,1
546,546,0,0,0,0
547,547,0,0,0,0
548,548,0,0,0,0
549,549,0,0,0,1
550,550,0,0,1,0
551,551,0,0,0,0
552,552,0,0,0,1
553,553,0,0,0,0
554,554,1,0,0,1
555,555,0,0,1,0
556,556,0,0,0,1
557,557,0,0,0,0
558,558,0,0,0,0
559,559,0,0,0,0
560,560,0,0,0,1
561,561,0,1,1,0
562,562,0,0,1,0
563,563,0,0,0,1
564,564,0,0,1,0
565,565,0,1,0,1
566,566,0,0,0,0
567,567,0,0,0,1
568,568,0,0,0,1
569,569,0,0,0,1
570,570,0,1,0,1
571,571,0,0,0,0
572,572,0,0,0,0
573,573,0,0,1,0
574,574,0,1,0,0
575,575,0,0,0,0
576,576,0,0,0,0
577,577,0,0,1,1
578,578,0,1,0,0
579,579,0,0,0,0
580,580,0,0,1,1
581,581,1,0,0,1
582,582,0,1,0,0
583,583,0,0,1,0
584,584,0,0,0,0
585,585,1,0,0,1
586,586,0,0,0,0
587,587,0,0,0,0
588,588,0,1,0,1
589,589,0,0,1,0
590,590,0,0,0,0
591,591,0,0,0,1
592,592,0,0,1,0
593,593,0,0,0,0
594,594,0,0,0,0
595,595,0,0,1,0
596,596,0,0,0,0
597,597,0,0,0,0
598,598,0,0,0,1
599,599,0,0,0,1
600,600,0,0,0,0
601,601,0,0,0,0
602,602,0,0,1,1
603,603,0,0,0,0
604,604,0,0,0,0
605,605,0,0,0,0
606,606,0,0,0,0
607,607,0,0,0,0
608,608,0,0,0,0
609,609,0,0,0,1
610,610,0,0,0,0
611,611,0,0,1,0
612,612,0,0,0,1
613,613,0,1,0,0
614,614,0,0,0,0
615,615,0,0,0,0
616,616,0,0,1,0
617,617,0,0,0,0
618,618,0,0,0,0
619,619,0,0,1,0
620,620,0,0,0,0
621,621,0,0,0,0
622,622,0,0,0,0
623,623,0,0,0,0
624,624,0,0,0,1
625,625,0,0,0,0
626,626,0,1,0,0
627,627,0,0,0,0
628,628,0,0,0,0
629,629,0,0,0,0
630,630,0,0,0,0
631,631,0,0,0,0
632,632,0,0,0,0
633,633,0,0,0,0
634,634,0,0,0,0
635,635,0,0,0,0
636,636,0,0,1,0
637,637,0,0,0,0
638,638,0,0,0,1
639,639,0,0,0,0
640,640,0,0,1,0
641,641,0,0,0,0
642,642,0,0,0,0
643,643,0,0,0,0
644,644,0,0,1,1
645,645,1,0,0,1
646,646,0,0,0,0
647,647,0,0,1,0
648,648,0,0,0,0
649,649,0,0,0,0
650,650,0,0,0,0
651,651,0,0,0,0
652,652,0,0,0,0
653,653,0,1,0,1
654,654,1,0,0,1
655,655,0,0,0,1
656,656,0,0,0,0
657,657,0,0,0,0
658,658,0,0,0,0
659,659,0,0,1,1
660,660,0,0,1,1
661,661,0,1,0,0
662,662,0,1,1,1
663,663,0,1,0,1
664,664,0,1,1,1
665,665,0,1,0,0
666,666,0,1,0,1
667,667,0,1,1,0
668,668,0,1,1,1
669,669,0,1,1,1
670,670,0,1,0,1
671,671,0,1,0,1
672,672,0,0,1,1
673,673,1,0,0,1
674,674,0,0,1,1
675,675,0,0,1,1
676,676,0,0,1,1
677,677,0,0,1,1
678,678,1,0,1,1
679,679,0,0,1,1
680,680,0,0,1,1
681,681,0,0,0,1
682,682,0,0,1,0
683,683,0,0,0,0
684,684,0,0,1,0
685,685,0,0,0,1
686,686,0,0,0,1
687,687,1,0,1,1
688,688,0,0,1,1
689,689,0,0,0,0
690,690,0,0,0,1
691,691,0,0,0,1
692,692,0,0,0,1
693,693,0,0,0,1
694,694,0,0,0,1
695,695,0,0,1,1
696,696,0,0,1,1
697,697,0,0,0,0
698,698,0,0,0,1
699,699,0,0,0,1
700,700,0,1,0,1
701,701,0,0,1,1
702,702,0,0,0,1
703,703,0,0,0,1
704,704,0,0,0,1
705,705,0,1,1,1
706,706,0,1,0,1
707,707,0,0,0,1
708,708,0,0,0,1
709,709,0,0,0,1
710,710,0,1,0,1
711,711,0,0,0,1
712,712,0,0,1,1
713,713,0,0,1,1
714,714,0,0,0,0
715,715,0,0,0,0
716,716,0,0,1,1
717,717,0,0,0,1
718,718,0,0,0,1
719,719,0,0,0,0
720,720,0,0,1,1
721,721,0,0,1,0
722,722,0,0,0,1
723,723,0,0,0,1
724,724,0,0,0,1
725,725,0,1,0,1
726,726,0,0,0,1
727,727,0,1,0,1
728,728,0,0,0,1
729,729,0,0,0,1
730,730,0,1,0,1
731,731,0,0,0,1
732,732,0,0,1,1
733,733,0,0,0,1
734,734,0,0,0,1
735,735,0,1,1,0
736,736,0,0,0,1
737,737,0,0,1,0
738,738,0,0,1,1
739,739,0,0,0,1
740,740,0,0,0,1
741,741,0,1,0,1
742,742,0,0,0,0
743,743,0,0,1,1
744,744,0,0,1,0
745,745,0,0,1,0
746,746,0,0,0,1
747,747,0,0,0,1
748,748,0,0,0,1
749,749,1,0,0,1
750,750,1,0,0,0
751,751,1,0,0,1
752,752,0,0,1,1
753,753,0,0,0,0
754,754,0,0,0,1
755,755,0,0,1,1
756,756,0,0,0,1
757,757,0,0,0,1
758,758,0,0,0,1
759,759,0,0,0,1
760,760,0,0,0,1
761,761,0,0,0,1
762,762,0,0,0,1
763,763,0,0,0,1
764,764,0,0,1,0
765,765,0,0,0,1
766,766,0,0,0,1
767,767,0,0,0,1
768,768,0,0,0,1
769,769,0,0,1,1
770,770,0,0,0,1
771,771,0,0,0,0
772,772,0,0,0,1
773,773,0,0,1,0
774,774,0,0,0,1
775,775,0,0,1,1
776,776,0,0,1,0
777,777,0,0,1,0
778,778,0,1,1,1
779,779,0,0,1,0
780,780,0,1,0,1
781,781,0,0,0,1
782,782,0,0,0,1
783,783,1,0,1,1
784,784,0,0,1,0
785,785,0,0,1,0
786,786,0,1,1,1
787,787,0,1,0,1
788,788,0,0,1,1
789,789,0,0,1,1
790,790,1,0,0,1
791,791,0,0,1,1
792,792,0,0,1,1
793,793,0,0,1,0
794,794,0,0,1,1
795,795,0,0,1,0
796,796,0,0,0,1
797,797,0,0,0,1
798,798,0,0,1,1
799,799,0,0,0,1
800,800,0,0,1,0
801,801,0,0,1,1
802,802,0,0,1,1
803,803,0,0,0,1
804,804,0,0,0,0
805,805,1,0,0,1
806,806,0,0,0,1
807,807,0,0,1,1
808,808,0,0,1,0
809,809,0,0,0,1
810,810,0,0,0,1
811,811,0,0,1,0
812,812,0,0,1,0
813,813,0,1,0,1
814,814,0,0,1,1
815,815,0,1,1,1
816,816,0,0,1,1
817,817,0,0,0,1
818,818,0,0,1,1
819,819,0,0,1,1
820,820,0,0,0,1
821,821,0,0,1,1
822,822,0,1,0,1
823,823,0,0,1,1
824,824,1,0,0,0
825,825,0,0,1,1
826,826,0,1,1,1
827,827,0,0,1,0
828,828,0,0,1,0
829,829,0,1,0,1
830,830,0,0,0,0
831,831,0,0,1,1
832,832,0,0,0,0
833,833,0,0,1,1
834,834,0,1,0,1
835,835,1,0,1,1
836,836,0,0,0,1
837,837,0,0,0,0
838,838,0,0,1,0
839,839,0,0,0,1
840,840,1,0,1,1
841,841,0,0,1,1
842,842,0,0,0,1
843,843,0,0,1,0
844,844,0,0,1,1
845,845,1,0,1,1
846,846,0,0,0,1
847,847,0,0,1,1
848,848,0,0,0,1
849,849,0,0,1,0
850,850,0,1,1,0
851,851,0,0,1,1
852,852,0,0,1,1
853,853,0,0,0,1
854,854,0,0,1,1
855,855,0,0,1,0
856,856,0,0,0,0
857,857,0,0,0,0
858,858,0,0,0,1
859,859,0,0,0,0
860,860,0,0,1,0
861,861,1,0,0,0
862,862,0,1,0,1
863,863,0,0,0,1
864,864,0,0,1,0
865,865,0,0,0,0
866,866,0,0,0,0
867,867,0,0,0,0
868,868,0,0,0,1
869,869,0,0,0,0
870,870,1,0,0,0
871,871,0,0,0,1
872,872,0,0,0,0
873,873,0,0,1,0
874,874,0,0,0,1
875,875,0,0,1,1
876,876,0,0,0,1
877,877,0,0,0,1
878,878,0,0,0,1
879,879,0,0,0,1
880,880,0,0,0,1
881,881,0,0,0,1
882,882,0,0,1,0
883,883,0,0,0,1
884,884,0,0,1,1
885,885,0,0,0,0
886,886,0,0,0,1
887,887,1,0,0,0
888,888,0,0,1,1
889,889,0,0,1,1
890,890,0,0,1,1
891,891,0,0,0,0
892,892,0,0,0,0
893,893,0,0,1,1
894,894,0,1,1,0
895,895,0,0,1,0
896,896,0,0,1,1
897,897,0,0,0,1
898,898,0,0,0,1
899,899,0,1,0,0
900,900,0,0,1,0
901,901,0,0,0,1
902,902,1,0,0,1
903,903,0,0,1,1
904,904,0,0,1,1
905,905,0,1,1,0
906,906,0,0,0,1
907,907,0,1,0,1
908,908,0,0,0,1
909,909,0,0,0,1
910,910,0,0,0,1
911,911,0,1,1,0
912,912,0,0,1,1
913,913,0,0,1,0
914,914,0,0,0,1
915,915,0,0,0,1
916,916,0,0,0,1
917,917,1,0,0,0
918,918,0,0,0,0
919,919,0,0,0,0
920,920,0,0,0,1
921,921,0,1,0,1
922,922,0,0,1,1
923,923,0,0,1,1
924,924,0,0,1,1
925,925,0,0,0,1
926,926,0,0,0,1
927,927,0,1,0,1
928,928,0,0,0,1
929,929,0,0,0,1
930,930,0,0,0,0
931,931,0,0,0,0
932,932,0,0,0,1
933,933,0,0,1,1
934,934,0,0,1,0
935,935,0,0,0,1
936,936,0,0,0,1
937,937,0,0,0,0
938,938,0,0,0,1
939,939,0,0,1,0
940,940,0,0,1,1
941,941,0,0,0,1
942,942,0,0,0,1
943,943,0,0,0,0
944,944,0,0,0,0
945,945,0,0,0,0
946,946,1,0,0,1
947,947,0,0,0,1
948,948,0,0,0,1
949,949,0,0,1,0
950,950,1,0,0,0
951,951,0,0,0,0
952,952,0,0,0,0
953,953,0,0,0,1
954,954,0,0,0,0
955,955,0,0,0,1
956,956,1,0,1,0
957,957,0,0,1,0
958,958,0,0,0,0
959,959,0,0,0,1
960,960,0,0,0,0
961,961,0,0,1,0
962,962,0,0,1,1
963,963,0,0,1,1
964,964,0,0,1,1
965,965,0,0,1,0
966,966,0,0,1,0
967,967,0,0,0,0
968,968,0,0,0,0
969,969,0,0,0,1
970,970,0,0,0,0
971,971,0,1,1,0
972,972,0,0,0,1
973,973,1,0,1,0
974,974,0,0,0,0
975,975,0,0,1,0
976,976,0,0,1,1
977,977,0,0,1,0
978,978,1,0,0,0
979,979,0,0,0,0
980,980,0,0,0,1
981,981,0,0,1,0
982,982,0,0,0,0
983,983,0,0,0,1
984,984,0,0,0,0
985,985,0,0,0,0
986,986,0,0,1,0
987,987,0,0,0,0
988,988,0,0,0,1
989,989,0,0,0,0
990,990,0,0,0,1
991,991,0,0,1,1
992,992,0,0,0,1
993,993,0,0,1,1
994,994,0,0,0,1
995,995,0,0,1,0
996,996,0,0,0,0
997,997,0,0,0,1
998,998,0,0,1,0
999,999,0,0,0,0
1000,1000,0,0,0,1
1001,1001,0,0,0,1
1002,1002,0,1,1,1
1003,1003,0,0,1,1
1004,1004,0,0,0,1
1005,1005,1,0,1,0
1006,1006,0,0,1,1
1007,1007,0,0,1,1
1008,1008,0,1,1,1
1009,1009,0,0,0,0
1010,1010,0,0,0,1
1011,1011,0,0,1,1
1012,1012,0,0,1,0
1013,1013,0,0,1,1
1014,1014,0,0,1,0
1015,1015,0,0,1,0
1016,1016,0,0,0,0
1017,1017,0,1,0,0
1018,1018,0,0,0,0
1019,1019,0,1,1,0
1020,1020,0,0,0,0
1021,1021,0,0,0,1
1022,1022,0,0,0,0
1023,1023,1,0,1,1
1024,1024,0,0,0,0
1025,1025,1,0,0,0
1026,1026,0,0,0,0
1027,1027,0,0,1,0
1028,1028,0,0,0,1
1029,1029,0,0,0,1
1030,1030,0,0,1,1
1031,1031,0,0,0,1
1032,1032,0,1,1,0
1033,1033,0,0,0,0
1034,1034,0,0,0,1
1035,1035,0,0,1,0
1036,1036,0,0,0,0
1037,1037,0,0,0,0
1038,1038,0,0,0,1
1039,1039,0,0,0,1
1040,1040,0,0,1,0
1041,1041,0,0,0,1
1042,1042,0,0,0,0
1043,1043,0,0,0,0
1044,1044,0,0,0,0
1045,1045,0,0,0,1
1046,1046,0,0,0,1
1047,1047,0,1,0,1
1048,1048,0,1,0,1
1049,1049,1,0,0,0
1050,1050,0,0,0,1
1051,1051,0,0,1,1
1052,1052,0,0,0,0
1053,1053,0,0,0,1
1054,1054,0,0,0,0
1055,1055,0,0,0,0
1056,1056,0,0,1,0
1057,1057,0,0,0,1
1058,1058,0,0,1,1
1059,1059,0,1,1,1
1060,1060,0,0,0,0
1061,1061,0,0,1,0
1062,1062,0,0,1,1
1063,1063,0,0,0,1
1064,1064,0,0,0,1
1065,1065,1,0,1,0
1066,1066,0,1,1,0
1067,1067,0,1,0,1
1068,1068,0,0,1,0
1069,1069,0,0,0,1
1070,1070,0,0,1,1
1071,1071,0,0,0,0
1072,1072,0,1,0,1
1073,1073,0,0,1,0
1074,1074,0,0,0,0
1075,1075,0,0,0,0
1076,1076,0,0,0,1
1077,1077,0,0,1,0
1078,1078,0,0,0,0
1079,1079,0,0,0,0
1080,1080,0,0,1,0
1081,1081,0,0,0,0
1082,1082,0,0,0,1
1083,1083,0,0,0,1
1084,1084,0,0,0,0
1085,1085,0,0,0,0
1086,1086,0,0,0,0
1087,1087,0,0,0,0
1088,1088,0,0,0,1
1089,1089,0,0,0,0
1090,1090,0,0,0,0
1091,1091,0,0,0,0
1092,1092,0,0,0,1
1093,1093,0,0,0,1
1094,1094,0,0,0,1
1095,1095,0,0,0,1
1096,1096,0,0,1,0
1097,1097,0,0,1,0
1098,1098,0,1,0,0
1099,1099,0,0,1,1
1100,1100,0,0,1,0
1101,1101,0,0,0,0
1102,1102,0,0,1,0
1103,1103,0,0,1,1
1104,1104,0,0,0,0
1105,1105,0,0,0,1
1106,1106,0,1,0,0
1107,1107,0,0,0,0
1108,1108,0,0,0,0
1109,1109,0,0,0,1
1110,1110,0,1,0,1
1111,1111,0,0,1,1
1112,1112,0,0,1,1
1113,1113,0,0,1,0
1114,1114,0,0,0,1
1115,1115,0,0,0,1
1116,1116,0,0,0,0
1117,1117,1,1,0,1
1118,1118,0,0,0,1
1119,1119,0,0,0,1
1120,1120,0,1,0,0
1121,1121,0,0,0,0
1122,1122,0,0,0,0
1123,1123,0,1,0,0
1124,1124,0,0,0,0
1125,1125,0,1,0,0
1126,1126,0,1,0,0
1127,1127,0,0,0,1
1128,1128,0,0,0,0
1129,1129,0,1,1,1
1130,1130,0,0,1,0
1131,1131,0,0,0,0
1132,1132,0,1,1,0
1133,1133,0,0,0,1
1134,1134,0,0,0,0
1135,1135,0,0,0,1
1136,1136,0,0,0,0
1137,1137,0,0,0,1
1138,1138,0,0,0,0
1139,1139,0,0,1,0
1140,1140,1,0,0,1
1141,1141,0,0,0,1
1142,1142,0,0,0,0
1143,1143,0,0,0,0
1144,1144,0,0,0,0
1145,1145,0,0,0,0
1146,1146,0,0,0,0
1147,1147,0,0,0,0
1148,1148,0,0,1,0
1149,1149,0,0,0,0
1150,1150,0,0,1,0
1151,1151,0,0,0,0
1152,1152,0,0,1,0
1153,1153,0,0,0,1
1154,1154,0,0,1,0
1155,1155,0,0,1,0
1156,1156,0,0,0,1
1157,1157,0,1,0,1
1158,1158,0,0,0,1
1159,1159,0,0,1,0
1160,1160,0,0,1,1
1161,1161,0,0,0,0
1162,1162,1,1,0,0
1163,1163,0,0,0,0
1164,1164,0,0,0,1
1165,1165,0,0,0,1
1166,1166,0,0,0,1
1167,1167,0,0,0,0
1168,1168,0,0,1,0
1169,1169,0,1,1,1
1170,1170,0,0,0,1
1171,1171,0,0,0,1
1172,1172,0,0,0,1
1173,1173,0,0,0,1
1174,1174,0,0,1,1
1175,1175,0,0,0,1
1176,1176,0,1,1,1
1177,1177,0,0,0,0
1178,1178,0,0,1,0
1179,1179,0,0,0,1
1180,1180,0,0,1,1
1181,1181,0,0,1,0
1182,1182,0,0,0,0
1183,1183,0,0,0,0
1184,1184,0,0,0,0
1185,1185,0,0,0,0
1186,1186,0,0,1,0
1187,1187,0,0,1,0
1188,1188,0,0,0,0
1189,1189,0,1,0,0
1190,1190,0,0,0,1
1191,1191,0,0,0,1
1192,1192,0,0,0,1
1193,1193,0,0,0,1
1194,1194,0,0,0,0
1195,1195,0,0,0,0
1196,1196,0,0,0,0
1197,1197,0,0,0,1
1198,1198,0,0,0,1
1199,1199,0,0,0,1
1200,1200,0,0,0,1
1201,1201,0,0,0,1
1202,1202,0,0,1,0
1203,1203,0,0,0,1
1204,1204,0,0,0,1
1205,1205,0,0,0,0
1206,1206,0,0,1,1
1207,1207,0,0,0,1
1208,1208,0,1,1,0
1209,1209,0,1,1,1
1210,1210,0,0,0,0
1211,1211,0,0,0,0
1212,1212,0,1,0,0
1213,1213,0,0,0,1
1214,1214,0,0,0,1
1215,1215,1,1,0,0
1216,1216,0,0,0,1
1217,1217,0,1,0,0
1218,1218,0,0,0,0
1219,1219,0,1,0,1
1220,1220,0,1,0,1
1221,1221,1,0,0,1
1222,1222,0,0,0,1
1223,1223,0,0,1,1
1224,1224,0,0,1,1
1225,1225,0,0,0,0
1226,1226,1,0,0,0
1227,1227,0,1,1,1
1228,1228,0,0,0,0
1229,1229,0,1,0,1
1230,1230,0,1,0,1
1231,1231,0,0,0,1
1232,1232,0,0,0,0
1233,1233,0,0,0,1
1234,1234,0,0,0,1
1235,1235,0,1,0,1
1236,1236,0,1,1,0
1237,1237,0,0,1,1
1238,1238,0,0,1,0
1239,1239,0,0,1,1
1240,1240,0,1,0,0
1241,1241,0,0,0,1
1242,1242,0,0,1,0
1243,1243,0,0,0,0
1244,1244,0,0,1,0
1245,1245,0,0,0,0
1246,1246,0,0,1,0
1247,1247,0,0,0,0
1248,1248,0,0,0,0
1249,1249,0,1,0,1
1250,1250,0,0,1,0
1251,1251,0,0,0,1
1252,1252,1,0,0,0
1253,1253,0,1,0,1
1254,1254,1,1,0,0
1255,1255,0,1,0,0
1256,1256,0,0,0,0
1257,1257,0,0,0,0
1258,1258,0,0,0,0
1259,1259,0,0,0,0
1260,1260,0,0,1,0
1261,1261,0,1,0,0
1262,1262,0,0,0,0
1263,1263,0,0,1,1
1264,1264,0,1,0,0
1265,1265,0,0,1,1
1266,1266,0,1,1,0
1267,1267,0,0,0,1
1268,1268,0,0,0,1
1269,1269,0,1,0,1
1270,1270,0,1,1,0
1271,1271,0,1,1,1
1272,1272,0,0,1,0
1273,1273,0,1,0,0
1274,1274,0,0,0,1
1275,1275,0,1,0,0
1276,1276,0,1,0,1
1277,1277,0,1,1,1
1278,1278,1,1,0,0
1279,1279,0,1,1,0
1280,1280,0,1,0,0
1281,1281,0,0,0,1
1282,1282,0,0,0,0
1283,1283,0,0,1,1
1284,1284,0,0,0,1
1285,1285,0,0,0,1
1286,1286,0,0,0,0
1287,1287,0,1,1,1
1288,1288,0,0,0,1
1289,1289,0,0,1,1
1290,1290,0,0,0,1
1291,1291,0,0,0,0
1292,1292,0,0,0,1
1293,1293,0,1,0,1
1294,1294,0,0,0,0
1295,1295,0,1,1,1
1296,1296,0,0,0,1
1297,1297,0,0,0,0
1298,1298,0,0,1,1
1299,1299,0,0,0,0
1300,1300,0,0,0,0
1301,1301,0,1,1,1
1302,1302,0,0,1,1
1303,1303,1,0,0,0
1304,1304,0,0,0,0
1305,1305,0,0,0,0
1306,1306,0,0,0,0
1307,1307,0,0,0,1
1308,1308,0,0,1,1
1309,1309,0,0,1,1
1310,1310,0,1,1,1
1311,1311,0,0,1,0
1312,1312,0,0,0,0
1313,1313,0,0,0,1
1314,1314,0,0,0,0
1315,1315,0,0,0,1
1316,1316,0,0,0,1
1317,1317,0,0,0,1
1318,1318,0,0,0,1
1319,1319,0,0,0,1
1320,1320,0,0,0,1
1321,1321,0,0,1,1
1322,1322,1,0,0,1
1323,1323,0,0,0,1
1324,1324,0,1,0,1
1325,1325,0,0,1,0
1326,1326,0,0,1,0
1327,1327,0,0,0,0
1328,1328,0,0,0,1
1329,1329,0,0,0,1
1330,1330,0,0,0,1
1331,1331,0,0,0,1
1332,1332,1,1,0,0
1333,1333,0,0,1,0
1334,1334,0,0,1,0
1335,1335,0,0,1,0
1336,1336,0,0,0,1
1337,1337,0,0,0,1
1338,1338,0,0,1,0
1339,1339,0,0,1,1
1340,1340,1,0,1,1
1341,1341,0,0,0,1
1342,1342,0,0,0,1
1343,1343,0,0,1,1
1344,1344,0,0,1,0
1345,1345,0,0,1,0
1346,1346,0,0,1,0
1347,1347,0,0,0,1
1348,1348,0,1,0,0
1349,1349,0,0,0,0
1350,1350,0,0,0,1
1351,1351,0,0,1,1
1352,1352,0,0,0,1
1353,1353,0,0,0,1
1354,1354,0,0,0,0
1355,1355,0,0,0,0
1356,1356,0,0,0,1
1357,1357,0,0,0,0
1358,1358,0,0,0,0
1359,1359,0,0,1,0
1360,1360,0,0,0,0
1361,1361,0,1,0,1
1362,1362,0,0,0,1
1363,1363,0,0,0,0
1364,1364,0,0,1,1
1365,1365,0,0,1,1
1366,1366,0,0,0,0
1367,1367,0,0,0,0
1368,1368,0,0,0,1
1369,1369,0,0,0,1
1370,1370,0,1,1,1
1371,1371,0,1,1,0
1372,1372,0,0,1,0
1373,1373,0,0,0,1
1374,1374,0,0,0,1
1375,1375,0,0,1,0
1376,1376,0,0,1,1
1377,1377,0,0,0,0
1378,1378,0,0,1,1
1379,1379,0,1,1,0
1380,1380,0,0,0,0
1381,1381,0,0,1,0
1382,1382,0,1,0,1
1383,1383,0,0,1,1
1384,1384,0,0,1,1
1385,1385,0,0,0,1
1386,1386,0,0,0,0
1387,1387,0,0,0,1
1388,1388,0,0,0,1
1389,1389,0,0,0,0
1390,1390,0,0,1,0
1391,1391,0,0,1,0
1392,1392,0,0,0,0
1393,1393,0,0,0,0
1394,1394,0,0,0,1
1395,1395,0,0,0,1
1396,1396,0,0,0,0
1397,1397,0,0,1,0
1398,1398,0,0,0,1
1399,1399,0,0,0,0
1400,1400,0,0,0,0
1401,1401,0,0,0,0
1402,1402,0,0,0,0
1403,1403,0,0,0,1
1404,1404,0,0,0,0
1405,1405,0,0,0,1
1406,1406,0,0,0,1
1407,1407,0,0,0,0
1408,1408,0,0,0,0
1409,1409,0,0,0,0
1410,1410,0,0,0,0
1411,1411,0,0,0,0
1412,1412,0,0,0,0
1413,1413,0,0,0,0
1414,1414,0,0,0,0
1415,1415,0,0,0,0
1416,1416,0,0,0,0
1417,1417,0,0,0,0
1418,1418,0,0,0,0
1419,1419,0,0,0,0
1420,1420,0,0,0,0
1421,1421,0,0,0,0
1422,1422,0,0,0,0
1423,1423,0,0,0,0
1424,1424,0,0,1,1
1425,1425,0,0,0,0
1426,1426,0,1,0,1
1427,1427,0,0,0,1
1428,1428,0,0,0,0
1429,1429,0,0,0,1
1430,1430,0,0,0,0
1431,1431,0,0,0,0
1432,1432,0,0,0,1
1433,1433,0,0,0,0
1434,1434,0,0,0,0
1435,1435,0,0,0,0
1436,1436,0,0,0,0
1437,1437,0,0,0,0
1438,1438,0,1,0,1
1439,1439,0,0,0,0
1440,1440,0,0,0,0
1441,1441,0,0,0,0
1442,1442,0,0,0,1
1443,1443,0,0,0,1
1444,1444,0,0,1,1
1445,1445,0,0,0,1
1446,1446,0,0,0,0
1447,1447,1,0,0,1
1448,1448,0,0,1,1
1449,1449,0,0,0,0
1450,1450,0,0,0,0
1451,1451,0,1,0,0
1452,1452,0,0,0,0
1453,1453,0,0,1,1
1454,1454,0,1,0,0
1455,1455,0,0,0,1
1456,1456,1,0,0,0
1457,1457,0,0,0,0
1458,1458,0,0,0,0
1459,1459,0,0,0,1
1460,1460,0,0,0,0
1461,1461,0,0,0,0
1462,1462,0,0,0,0
1463,1463,0,1,0,0
1464,1464,0,0,1,0
1465,1465,0,0,0,0
1466,1466,0,0,0,0
1467,1467,0,1,0,0
1468,1468,0,0,0,0
1469,1469,0,0,0,0
1470,1470,0,0,0,0
1471,1471,0,0,0,0
1472,1472,0,0,0,1
1473,1473,0,0,0,0
1474,1474,0,0,0,0
1475,1475,0,0,1,0
1476,1476,0,0,0,0
1477,1477,0,0,0,1
1478,1478,0,0,0,0
1479,1479,0,0,0,0
1480,1480,0,0,0,0
1481,1481,0,0,0,0
1482,1482,0,0,1,1
1483,1483,0,0,0,0
1484,1484,0,0,0,0
1485,1485,0,0,0,0
1486,1486,0,0,0,1
1487,1487,0,1,1,1
1488,1488,0,0,0,0
1489,1489,0,0,1,0
1490,1490,0,0,0,1
1491,1491,0,0,0,0
1492,1492,1,0,0,1
1493,1493,0,0,0,1
1494,1494,0,0,1,0
1495,1495,0,0,0,1
1496,1496,0,0,0,0
1497,1497,0,0,0,1
1498,1498,0,0,0,0
1499,1499,1,0,1,1
1500,1500,0,0,0,0
1501,1501,0,0,0,1
1502,1502,0,0,0,1
1503,1503,0,0,0,0
1504,1504,0,0,0,0
1505,1505,0,1,1,0
1506,1506,0,0,1,1
1507,1507,0,0,0,0
1508,1508,0,1,1,1
1509,1509,0,0,0,0
1510,1510,0,0,0,1
1511,1511,0,0,1,0
1512,1512,0,1,0,0
1513,1513,0,0,1,0
1514,1514,0,0,0,0
1515,1515,0,1,0,0
1516,1516,0,0,1,1
1517,1517,0,1,1,1
1518,1518,0,0,0,0
1519,1519,0,0,0,1
1520,1520,0,0,0,1
1521,1521,0,1,0,0
1522,1522,0,0,0,0
1523,1523,0,0,0,0
1524,1524,0,0,0,1
1525,1525,0,0,1,0
1526,1526,0,0,1,0
1527,1527,0,0,1,1
1528,1528,0,0,1,1
1529,1529,0,0,1,0
1530,1530,1,1,1,1
1531,1531,0,1,0,1
1532,1532,0,0,0,0
1533,1533,0,0,0,0
1534,1534,0,0,0,0
1535,1535,0,0,0,1
1536,1536,0,0,0,1
1537,1537,0,0,0,0
1538,1538,0,0,0,0
1539,1539,0,0,1,1
1540,1540,0,0,0,0
1541,1541,0,0,0,1
1542,1542,0,0,0,0
1543,1543,0,0,0,1
1544,1544,0,1,0,0
1545,1545,1,0,0,0
1546,1546,0,0,1,0
1547,1547,0,0,0,1
1548,1548,0,0,0,1
1549,1549,0,0,0,0
1550,1550,0,0,0,0
1551,1551,0,0,0,0
1552,1552,0,0,0,1
1553,1553,1,0,0,0
1554,1554,0,0,0,0
1555,1555,0,0,0,0
1556,1556,0,0,0,0
1557,1557,0,0,0,1
1558,1558,0,0,0,1
1559,1559,0,0,0,1
1560,1560,0,0,0,0
1561,1561,0,0,0,0
1562,1562,0,1,0,1
1563,1563,0,0,1,1
1564,1564,0,1,1,0
1565,1565,0,1,0,0
1566,1566,0,0,0,0
1567,1567,1,0,0,1
1568,1568,0,0,1,1
1569,1569,0,0,0,0
1570,1570,0,0,0,0
1571,1571,0,1,0,1
1572,1572,0,0,0,0
1573,1573,0,1,1,0
1574,1574,0,0,0,1
1575,1575,0,0,0,0
1576,1576,0,0,0,0
1577,1577,0,0,0,1
1578,1578,0,0,1,0
1579,1579,0,0,0,0
1580,1580,0,0,0,1
1581,1581,0,0,0,0
1582,1582,0,0,0,1
1583,1583,0,0,0,0
1584,1584,0,0,1,0
1585,1585,0,0,0,1
1586,1586,0,0,0,1
1587,1587,0,0,0,1
1588,1588,0,0,0,1
1589,1589,0,0,0,1
1590,1590,0,0,0,1
1591,1591,0,0,0,0
1592,1592,0,0,0,0
1593,1593,0,1,1,1
1594,1594,0,0,0,1
1595,1595,0,0,0,1
1596,1596,0,0,0,0
1597,1597,0,0,1,1
1598,1598,0,0,0,1
1599,1599,1,0,0,1
1600,1600,0,0,0,0
1601,1601,0,0,0,0
1602,1602,0,0,0,0
1603,1603,0,0,1,0
1604,1604,0,0,0,1
1605,1605,0,0,0,0
1606,1606,0,1,0,0
1607,1607,0,0,0,0
1608,1608,0,0,1,1
1609,1609,0,0,1,1
1610,1610,0,0,0,0
1611,1611,0,0,1,0
1612,1612,0,0,0,1
1613,1613,0,1,0,0
1614,1614,0,0,0,1
1615,1615,0,0,0,1
1616,1616,0,0,0,0
1617,1617,0,0,0,1
1618,1618,0,0,1,0
1619,1619,0,0,0,0
1620,1620,0,0,1,0
1621,1621,0,0,0,0
1622,1622,0,0,0,1
1623,1623,0,0,0,0
1624,1624,0,0,0,0
1625,1625,0,0,0,1
1626,1626,0,1,0,1
1627,1627,0,0,0,1
1628,1628,0,0,1,1
1629,1629,0,0,1,1
1630,1630,0,1,1,1
1631,1631,0,0,0,0
1632,1632,0,0,0,1
1633,1633,0,0,0,1
1634,1634,0,0,0,1
1635,1635,0,1,0,1
1636,1636,0,0,0,1
1637,1637,0,1,1,0
1638,1638,0,0,1,0
1639,1639,1,0,0,0
1640,1640,0,0,1,1
1641,1641,0,0,1,1
1642,1642,0,0,0,1
1643,1643,0,0,0,1
1644,1644,0,1,0,1
1645,1645,0,1,0,0
1646,1646,0,0,0,0
1647,1647,0,0,0,1
1648,1648,0,0,0,1
1649,1649,0,1,0,0
1650,1650,0,0,0,0
1651,1651,0,0,1,1
1652,1652,0,0,0,1
1653,1653,0,0,0,0
1654,1654,0,1,0,0
1655,1655,0,0,0,0
1656,1656,0,0,1,1
1657,1657,0,0,0,1
1658,1658,0,0,0,1
1659,1659,0,0,0,1
1660,1660,0,0,0,0
1661,1661,0,0,0,0
1662,1662,0,0,0,0
1663,1663,0,0,0,0
1664,1664,0,0,0,0
1665,1665,0,0,0,0
1666,1666,0,1,0,1
1667,1667,0,0,0,1
1668,1668,0,0,0,1
1669,1669,0,0,0,0
1670,1670,0,0,0,1
1671,1671,0,0,0,0
1672,1672,0,0,0,0
1673,1673,0,0,0,1
1674,1674,0,0,0,0
1675,1675,0,0,0,1
1676,1676,0,0,0,0
1677,1677,0,0,0,0
1678,1678,0,0,0,1
1679,1679,0,0,0,1
1680,1680,0,0,1,1
1681,1681,0,0,0,1
1682,1682,0,0,0,0
1683,1683,0,0,0,0
1684,1684,0,0,0,0
1685,1685,0,0,0,0
1686,1686,0,0,0,0
1687,1687,0,0,1,0
1688,1688,0,0,0,1
1689,1689,0,0,0,0
1690,1690,0,0,1,1
1691,1691,0,1,0,1
1692,1692,0,0,0,0
1693,1693,0,1,0,0
1694,1694,0,0,0,0
1695,1695,0,1,0,0
1696,1696,0,0,1,0
1697,1697,0,0,0,0
1698,1698,0,1,0,0
1699,1699,0,0,0,0
1700,1700,0,0,0,0
1701,1701,0,0,0,0
1702,1702,0,1,0,1
1703,1703,0,0,0,0
1704,1704,0,0,0,0
1705,1705,0,0,0,0
1706,1706,0,0,0,1
1707,1707,0,0,0,0
1708,1708,0,0,0,0
1709,1709,0,0,0,0
1710,1710,0,1,0,1
1711,1711,0,0,1,0
1712,1712,1,0,0,0
1713,1713,0,0,0,0
1714,1714,0,0,0,0
1715,1715,0,0,1,0
1716,1716,0,0,0,0
1717,1717,0,0,0,1
1718,1718,0,0,0,0
1719,1719,0,0,0,0
1720,1720,0,0,0,0
1721,1721,0,0,1,0
1722,1722,0,0,1,0
1723,1723,0,0,1,1
1724,1724,0,0,0,0
1725,1725,0,0,0,1
1726,1726,0,0,0,0
1727,1727,0,0,0,1
1728,1728,0,0,1,1
1729,1729,0,0,0,1
1730,1730,0,0,0,1
1731,1731,0,0,0,0
1732,1732,0,0,1,0
1733,1733,0,0,0,0
1734,1734,0,0,0,1
1735,1735,0,0,0,1
1736,1736,0,0,0,0
1737,1737,0,0,0,0
1738,1738,1,0,0,0
1739,1739,0,0,0,0
1740,1740,0,0,0,0
1741,1741,0,1,0,1
1742,1742,0,0,1,1
1743,1743,0,0,0,1
1744,1744,0,1,0,0
1745,1745,0,1,1,0
1746,1746,0,1,0,1
1747,1747,1,1,0,1
1748,1748,0,0,0,1
1749,1749,0,0,0,1
1750,1750,0,0,0,0
1751,1751,0,0,0,0
1752,1752,0,0,0,0
1753,1753,0,0,0,0
1754,1754,0,0,0,0
1755,1755,0,0,0,0
1756,1756,0,0,0,0
1757,1757,0,0,0,1
1758,1758,0,0,0,1
1759,1759,0,0,0,0
1760,1760,0,0,0,0
1761,1761,0,0,0,1
1762,1762,0,0,0,0
1763,1763,0,0,0,0
1764,1764,0,0,0,0
1765,1765,0,0,0,0
1766,1766,0,0,1,1
1767,1767,0,0,0,0
1768,1768,0,0,0,0
1769,1769,0,0,0,0
1770,1770,0,0,0,0
1771,1771,0,0,0,1
1772,1772,0,0,0,0
1773,1773,0,0,0,0
1774,1774,0,0,0,0
1775,1775,0,0,0,1
1776,1776,0,0,0,1
1777,1777,0,0,0,0
1778,1778,0,0,0,0
1779,1779,0,0,0,1
1780,1780,0,0,1,0
1781,1781,0,0,1,1
1782,1782,0,0,0,1
1783,1783,0,0,0,1
1784,1784,0,0,0,0
1785,1785,0,0,0,0
1786,1786,0,0,0,0
1787,1787,0,0,1,0
1788,1788,0,0,0,1
1789,1789,0,0,0,0
1790,1790,0,0,0,1
1791,1791,0,0,0,0
1792,1792,0,0,0,1
1793,1793,0,0,0,0
1794,1794,0,0,0,0
1795,1795,0,0,0,0
1796,1796,0,0,0,0
1797,1797,0,0,0,0
1798,1798,0,1,0,0
1799,1799,0,0,0,0
1800,1800,0,0,0,1
1801,1801,1,0,0,0
1802,1802,0,0,0,0
1803,1803,0,0,0,0
1804,1804,0,0,0,0
1805,1805,0,0,0,1
1806,1806,0,0,0,0
1807,1807,0,0,0,0
1808,1808,0,0,0,0
1809,1809,1,0,0,1
1810,1810,1,0,1,0
1811,1811,0,0,0,0
1812,1812,0,0,0,1
1813,1813,0,0,0,1
1814,1814,0,0,0,0
1815,1815,0,0,0,0
1816,1816,0,0,0,0
1817,1817,0,0,0,1
1818,1818,0,0,1,0
1819,1819,0,0,0,0
1820,1820,0,0,0,0
1821,1821,0,0,0,0
1822,1822,0,1,1,0
1823,1823,0,0,0,0
1824,1824,0,0,0,0
1825,1825,0,0,0,0
1826,1826,0,0,0,0
1827,1827,0,0,0,0
1828,1828,0,0,1,0
1829,1829,0,0,0,0
1830,1830,0,0,0,0
1831,1831,0,0,0,0
1832,1832,0,0,0,1
1833,1833,0,0,0,1
1834,1834,0,0,0,1
1835,1835,0,0,0,0
1836,1836,0,0,0,0
1837,1837,0,0,0,0
1838,1838,0,0,0,0
1839,1839,0,0,0,0
1840,1840,0,0,0,0
1841,1841,0,0,0,1
1842,1842,0,0,1,1
1843,1843,0,0,1,0
1844,1844,0,0,0,0
1845,1845,0,0,0,0
1846,1846,0,0,1,1
1847,1847,0,0,0,0
1848,1848,0,0,0,0
1849,1849,0,0,0,1
1850,1850,0,0,1,0
1851,1851,0,0,0,0
1852,1852,0,0,1,1
1853,1853,0,0,0,1
1854,1854,0,0,0,1
1855,1855,0,0,0,0
1856,1856,0,1,0,0
1857,1857,0,0,0,0
1858,1858,0,0,0,1
1859,1859,0,1,1,0
1860,1860,0,0,0,0
1861,1861,0,0,1,1
1862,1862,0,0,0,1
1863,1863,0,0,0,0
1864,1864,0,0,1,1
1865,1865,0,0,0,1
1866,1866,0,0,0,0
1867,1867,0,0,0,0
1868,1868,0,0,0,1
1869,1869,0,0,0,1
1870,1870,0,1,0,0
1871,1871,0,0,0,0
1872,1872,0,0,0,1
1873,1873,0,0,0,0
1874,1874,0,0,0,0
1875,1875,0,0,0,0
1876,1876,1,0,0,1
1877,1877,0,0,0,1
1878,1878,0,0,1,1
1879,1879,0,0,0,1
1880,1880,0,0,0,0
1881,1881,0,0,1,0
1882,1882,0,0,0,1
1883,1883,0,0,1,0
1884,1884,0,0,1,1
1885,1885,0,0,0,0
1886,1886,0,0,0,0
1887,1887,0,0,0,1
1888,1888,0,0,0,0
1889,1889,0,0,0,0
1890,1890,0,0,0,0
1891,1891,0,0,0,0
1892,1892,0,0,0,0
1893,1893,0,0,0,0
1894,1894,0,0,1,0
1895,1895,0,0,0,1
1896,1896,0,0,0,0
1897,1897,0,1,0,0
1898,1898,0,0,0,1
1899,1899,0,1,1,1
1900,1900,0,0,0,1
1901,1901,0,0,0,1
1902,1902,0,0,0,1
1903,1903,0,1,1,0
1904,1904,0,0,0,0
1905,1905,0,0,0,1
1906,1906,0,0,0,0
1907,1907,0,0,1,1
1908,1908,0,0,0,1
1909,1909,0,0,0,0
1910,1910,0,0,0,0
1911,1911,0,0,0,1
1912,1912,0,0,0,0
1913,1913,0,0,1,0
1914,1914,0,0,0,0
1915,1915,0,0,0,1
1916,1916,0,0,0,0
1917,1917,0,0,1,0
1918,1918,0,0,0,0
1919,1919,0,0,0,0
1920,1920,0,0,0,1
1921,1921,0,0,0,0
1922,1922,0,0,0,1
1923,1923,0,0,0,0
1924,1924,0,0,1,1
1925,1925,0,0,0,0
1926,1926,0,0,0,0
1927,1927,0,0,0,0
1928,1928,0,0,0,0
1929,1929,0,0,0,0
1930,1930,1,0,1,0
1931,1931,0,0,0,1
1932,1932,0,0,0,1
1933,1933,0,0,0,0
1934,1934,0,0,0,1
1935,1935,0,0,0,1
1936,1936,0,0,1,0
1937,1937,0,0,0,0
1938,1938,0,0,0,0
1939,1939,0,0,0,0
1940,1940,0,0,0,0
1941,1941,0,0,0,1
1942,1942,0,0,0,1
1943,1943,0,0,1,0
1944,1944,0,0,0,0
1945,1945,0,0,0,1
1946,1946,0,0,0,0
1947,1947,0,0,1,0
1948,1948,0,0,0,0
1949,1949,0,0,1,0
1950,1950,0,0,0,0
1951,1951,0,0,0,0
1952,1952,0,1,0,1
1953,1953,0,0,0,0
1954,1954,0,0,0,0
1955,1955,0,0,0,0
1956,1956,0,0,0,0
1957,1957,0,0,0,0
1958,1958,0,0,0,0
1959,1959,0,0,0,0
1960,1960,0,0,0,0
1961,1961,0,1,1,1
1962,1962,0,0,1,0
1963,1963,0,0,0,1
1964,1964,0,0,0,0
1965,1965,1,0,0,1
1966,1966,0,0,0,0
1967,1967,0,0,1,0
1968,1968,0,0,1,1
1969,1969,0,0,0,0
1970,1970,0,0,1,0
1971,1971,0,0,0,0
1972,1972,0,0,0,0
1973,1973,0,0,0,0
1974,1974,0,0,0,0
1975,1975,0,0,0,0
1976,1976,0,0,0,1
1977,1977,0,0,0,0
1978,1978,0,0,0,1
1979,1979,0,0,0,1
1980,1980,0,0,0,0
1981,1981,0,0,0,1
1982,1982,0,0,0,0
1983,1983,0,0,0,0
1984,1984,0,0,0,0
1985,1985,0,0,0,0
1986,1986,0,0,0,0
1987,1987,0,0,0,1
1988,1988,0,1,0,0
1989,1989,0,0,0,0
1990,1990,0,0,0,0
1991,1991,0,0,0,1
1992,1992,0,0,0,0
1993,1993,0,0,0,0
1994,1994,0,0,1,0
1995,1995,1,0,0,0
1996,1996,0,0,0,1
1997,1997,0,0,0,1
1998,1998,0,0,1,0
1999,1999,0,0,0,0
2000,2000,0,0,0,0
2001,2001,0,0,0,1
2002,2002,0,0,1,0
2003,2003,1,0,0,0
2004,2004,0,0,1,0
2005,2005,0,0,1,0
2006,2006,0,0,1,0
2007,2007,0,0,0,0
2008,2008,0,0,0,0
2009,2009,0,0,0,1
2010,2010,0,0,0,0
2011,2011,0,1,0,0
2012,2012,0,0,0,0
2013,2013,0,0,0,0
2014,2014,0,0,0,0
2015,2015,0,0,0,0
2016,2016,0,0,1,0
2017,2017,0,0,0,0
2018,2018,0,0,0,0
2019,2019,0,0,0,0
2020,2020,0,0,1,0
2021,2021,0,0,0,0
2022,2022,0,0,1,0
2023,2023,0,0,0,1
2024,2024,0,0,0,0
2025,2025,0,0,1,0
2026,2026,0,0,1,0
2027,2027,0,0,0,0
2028,2028,0,0,0,0
2029,2029,0,0,0,0
2030,2030,0,0,0,0
2031,2031,0,0,0,1
2032,2032,0,0,0,1
2033,2033,0,0,0,1
2034,2034,0,0,0,0
2035,2035,0,0,0,0
2036,2036,0,0,0,0
2037,2037,0,0,0,1
2038,2038,0,0,0,1
2039,2039,0,0,0,0
2040,2040,0,1,0,0
2041,2041,0,0,0,0
2042,2042,0,0,1,0
2043,2043,0,0,0,0
2044,2044,0,0,0,0
2045,2045,0,0,1,0
2046,2046,0,0,1,0
2047,2047,0,0,0,0
2048,2048,0,0,0,0
2049,2049,0,1,0,0
2050,2050,0,0,1,0
2051,2051,0,0,0,0
2052,2052,0,0,0,0
2053,2053,0,0,0,0
2054,2054,0,0,0,0
2055,2055,0,0,0,1
2056,2056,0,0,0,0
2057,2057,0,0,0,0
2058,2058,0,0,0,0
2059,2059,0,0,0,0
2060,2060,0,0,0,1
2061,2061,0,0,0,0
2062,2062,0,1,0,1
2063,2063,0,0,0,0
2064,2064,0,0,0,0
2065,2065,0,0,0,0
2066,2066,0,0,0,0
2067,2067,0,0,0,0
2068,2068,0,0,0,0
2069,2069,0,0,0,0
2070,2070,0,0,0,0
2071,2071,0,0,0,1
2072,2072,0,0,0,1
2073,2073,0,0,0,0
2074,2074,0,1,0,0
2075,2075,0,0,1,0
2076,2076,0,0,0,0
2077,2077,0,0,0,1
2078,2078,0,0,0,0
2079,2079,0,1,0,1
2080,2080,0,0,0,0
2081,2081,0,0,0,1
2082,2082,0,0,0,1
2083,2083,0,0,0,0
2084,2084,0,0,0,0
2085,2085,0,0,0,1
2086,2086,0,0,0,1
2087,2087,0,1,0,1
2088,2088,0,0,1,1
2089,2089,0,0,0,1
2090,2090,0,0,0,0
2091,2091,0,0,0,1
2092,2092,0,0,0,1
2093,2093,0,0,0,0
2094,2094,0,0,1,0
2095,2095,0,0,0,0
2096,2096,0,0,0,0
2097,2097,0,0,0,0
2098,2098,0,0,0,0
2099,2099,0,0,0,0
2100,2100,1,0,0,1
2101,2101,0,0,0,0
2102,2102,0,0,0,1
2103,2103,0,0,0,0
2104,2104,0,0,0,1
2105,2105,0,1,0,0
2106,2106,0,0,0,0
2107,2107,0,0,0,0
2108,2108,0,0,0,0
2109,2109,0,0,1,0
2110,2110,0,0,0,0
2111,2111,0,0,0,0
2112,2112,0,0,0,0
2113,2113,0,0,0,0
2114,2114,0,0,0,0
2115,2115,0,0,0,0
2116,2116,0,0,0,0
2117,2117,0,0,0,1
2118,2118,0,0,0,1
2119,2119,0,0,1,0
2120,2120,0,0,0,0
2121,2121,0,0,0,0
2122,2122,0,0,0,0
2123,2123,0,0,0,1
2124,2124,0,0,0,0
2125,2125,0,0,0,0
2126,2126,0,0,0,0
2127,2127,0,0,0,0
2128,2128,0,0,0,0
2129,2129,0,0,0,0
2130,2130,0,0,1,0
2131,2131,0,0,0,0
2132,2132,0,1,0,0
2133,2133,0,0,0,0
2134,2134,0,0,0,1
2135,2135,0,0,0,0
2136,2136,0,0,0,0
2137,2137,0,0,0,0
2138,2138,0,0,0,0
2139,2139,0,0,0,0
2140,2140,0,1,0,0
2141,2141,1,0,0,0
2142,2142,0,0,0,0
2143,2143,1,0,0,0
2144,2144,0,0,0,0
2145,2145,0,0,0,0
2146,2146,0,0,0,0
2147,2147,0,0,0,0
2148,2148,0,0,0,0
2149,2149,0,1,0,0
2150,2150,0,0,0,1
2151,2151,0,0,0,0
2152,2152,0,0,0,0
2153,2153,0,0,1,0
2154,2154,0,0,0,1
2155,2155,0,0,0,0
2156,2156,0,0,0,1
2157,2157,0,1,0,1
2158,2158,0,0,0,0
2159,2159,0,0,0,0
2160,2160,0,0,0,0
2161,2161,0,0,0,1
2162,2162,0,0,0,0
2163,2163,0,0,0,1
2164,2164,0,0,1,1
2165,2165,0,0,0,1
2166,2166,0,0,0,0
2167,2167,0,0,0,0
2168,2168,0,0,0,0
2169,2169,0,0,0,0
2170,2170,0,0,0,0
2171,2171,1,0,0,0
2172,2172,0,0,0,0
2173,2173,0,0,1,0
2174,2174,0,0,0,0
2175,2175,1,0,0,0
2176,2176,0,0,0,0
2177,2177,0,0,1,0
2178,2178,0,0,0,1
2179,2179,1,0,1,1
2180,2180,0,0,0,0
2181,2181,0,0,1,0
2182,2182,0,0,0,0
2183,2183,0,0,1,1
2184,2184,0,0,0,1
2185,2185,1,0,0,0
2186,2186,0,0,0,0
2187,2187,0,0,0,0
2188,2188,0,0,0,0
2189,2189,0,0,0,0
2190,2190,0,0,1,0
2191,2191,0,0,0,0
2192,2192,0,0,0,1
2193,2193,0,1,0,0
2194,2194,0,0,0,1
2195,2195,1,0,1,0
2196,2196,0,0,0,0
2197,2197,0,0,0,0
2198,2198,0,0,0,0
2199,2199,0,0,0,0
2200,2200,0,0,1,0
2201,2201,0,0,0,0
2202,2202,0,0,0,0
2203,2203,0,1,0,0
2204,2204,0,0,0,0
2205,2205,0,0,0,0
2206,2206,0,0,0,0
2207,2207,1,0,0,0
2208,2208,1,0,0,0
2209,2209,1,0,0,0
2210,2210,0,0,0,0
2211,2211,0,0,1,1
2212,2212,0,0,0,1
2213,2213,0,0,0,1
2214,2214,1,0,0,0
2215,2215,0,0,0,1
2216,2216,0,0,0,0
2217,2217,1,0,1,0
2218,2218,0,0,0,0
2219,2219,1,1,1,0
2220,2220,0,0,0,0
2221,2221,0,0,0,0
2222,2222,0,0,0,0
2223,2223,1,0,0,0
2224,2224,0,0,0,1
2225,2225,1,0,0,0
2226,2226,1,0,0,1
2227,2227,0,0,0,0
2228,2228,0,0,0,1
2229,2229,0,0,0,0
2230,2230,0,0,0,0
2231,2231,0,1,0,0
2232,2232,0,0,0,0
2233,2233,0,0,1,0
2234,2234,0,0,0,0
2235,2235,0,1,0,1
2236,2236,0,0,1,0
2237,2237,0,0,0,0
2238,2238,0,0,1,1
2239,2239,0,0,0,0
2240,2240,0,0,0,0
2241,2241,0,0,0,0
2242,2242,0,0,0,0
2243,2243,0,0,0,0
2244,2244,0,0,0,0
2245,2245,0,0,1,0
2246,2246,0,0,1,0
2247,2247,0,0,0,0
2248,2248,0,0,1,0
2249,2249,0,0,0,0
2250,2250,0,0,0,0
2251,2251,0,0,0,0
2252,2252,0,1,1,1
2253,2253,0,0,0,1
2254,2254,1,0,0,0
2255,2255,0,0,1,0
2256,2256,0,0,0,0
2257,2257,0,0,0,0
2258,2258,0,0,1,1
2259,2259,0,0,0,0
2260,2260,0,0,0,0
2261,2261,0,0,0,1
2262,2262,0,1,0,0
2263,2263,0,0,0,1
2264,2264,0,1,0,0
2265,2265,0,0,0,1
2266,2266,0,0,0,0
2267,2267,0,0,0,1
2268,2268,0,0,0,0
2269,2269,0,1,0,1
2270,2270,0,0,1,1
2271,2271,0,1,0,0
2272,2272,0,1,0,0
2273,2273,0,0,1,0
2274,2274,1,0,0,0
2275,2275,0,0,1,0
2276,2276,0,0,1,0
2277,2277,0,0,0,0
2278,2278,0,0,0,0
2279,2279,0,0,0,0
2280,2280,0,0,0,0
2281,2281,0,0,0,0
2282,2282,0,0,0,0
2283,2283,0,0,0,0
2284,2284,0,0,0,0
2285,2285,0,0,0,0
2286,2286,0,1,0,1
2287,2287,0,0,0,0
2288,2288,0,0,0,0
2289,2289,0,0,0,0
2290,2290,0,0,0,0
2291,2291,0,0,0,1
2292,2292,0,0,1,0
2293,2293,0,0,0,0
2294,2294,0,0,0,0
2295,2295,0,0,1,0
2296,2296,0,0,1,0
2297,2297,0,0,0,0
2298,2298,0,0,0,0
2299,2299,0,0,0,0
2300,2300,0,0,0,0
2301,2301,0,0,0,0
2302,2302,0,0,0,1
2303,2303,0,0,1,1
2304,2304,0,1,0,0
2305,2305,0,0,0,1
2306,2306,1,0,1,0
2307,2307,0,0,1,0
2308,2308,0,1,0,0
2309,2309,0,0,0,0
2310,2310,0,0,0,0
2311,2311,0,0,1,1
2312,2312,0,0,1,0
2313,2313,0,0,0,1
2314,2314,0,0,0,0
2315,2315,0,0,0,0
2316,2316,0,0,0,0
2317,2317,0,0,0,1
2318,2318,0,0,0,0
2319,2319,0,0,0,0
2320,2320,0,0,0,1
2321,2321,0,0,0,1
2322,2322,0,0,0,1
2323,2323,0,0,0,1
2324,2324,0,0,0,1
2325,2325,0,0,0,0
2326,2326,0,0,0,0
2327,2327,0,0,0,0
2328,2328,0,0,0,0
2329,2329,0,0,0,0
2330,2330,0,0,1,1
2331,2331,0,0,1,0
2332,2332,0,0,0,1
2333,2333,0,0,0,0
2334,2334,0,0,1,1
2335,2335,0,0,0,1
2336,2336,0,0,0,0
2337,2337,0,0,0,1
2338,2338,0,0,0,0
2339,2339,0,0,0,1
2340,2340,0,0,0,0
2341,2341,0,0,0,0
2342,2342,0,0,1,1
2343,2343,0,0,1,0
2344,2344,0,0,0,1
2345,2345,0,0,1,0
2346,2346,0,0,0,1
2347,2347,0,0,0,0
2348,2348,0,0,0,0
2349,2349,0,0,0,1
2350,2350,0,0,0,0
2351,2351,0,1,0,0
2352,2352,0,0,0,0
2353,2353,0,0,0,0
2354,2354,0,0,0,0
2355,2355,0,0,0,0
2356,2356,0,0,0,1
2357,2357,0,0,0,0
2358,2358,0,0,0,0
2359,2359,0,0,0,0
2360,2360,0,0,0,1
2361,2361,0,0,0,0
2362,2362,0,0,0,0
2363,2363,0,0,0,0
2364,2364,0,0,0,0
2365,2365,0,0,0,0
2366,2366,0,0,0,0
2367,2367,0,0,0,0
2368,2368,0,0,1,0
2369,2369,0,0,0,0
2370,2370,0,0,0,0
2371,2371,0,0,0,1
2372,2372,0,0,0,0
2373,2373,0,0,0,1
2374,2374,0,0,0,1
2375,2375,0,0,0,0
2376,2376,0,0,0,0
2377,2377,0,0,0,1
2378,2378,0,0,0,0
2379,2379,1,0,1,0
2380,2380,0,0,0,1
2381,2381,0,0,0,1
2382,2382,0,0,0,0
2383,2383,0,0,1,0
2384,2384,0,0,0,0
2385,2385,0,0,0,1
2386,2386,0,0,0,0
2387,2387,0,0,0,0
2388,2388,0,0,0,0
2389,2389,0,0,0,0
2390,2390,0,0,0,0
2391,2391,0,0,1,0
2392,2392,0,0,0,1
2393,2393,0,0,0,0
2394,2394,0,0,0,0
2395,2395,0,0,0,0
2396,2396,0,1,1,0
2397,2397,0,1,0,0
2398,2398,0,1,0,0
2399,2399,0,0,0,0
2400,2400,0,0,0,1
2401,2401,0,0,0,0
2402,2402,0,0,0,0
2403,2403,0,0,1,0
2404,2404,0,0,0,0
2405,2405,0,0,0,0
2406,2406,1,0,0,0
2407,2407,0,0,0,0
2408,2408,0,1,0,0
2409,2409,0,0,0,0
2410,2410,0,0,0,0
2411,2411,0,0,0,0
2412,2412,0,0,0,0
2413,2413,0,0,0,0
2414,2414,0,0,0,0
2415,2415,0,0,0,0
2416,2416,0,0,0,1
2417,2417,0,0,0,0
2418,2418,0,0,1,1
2419,2419,0,0,0,0
2420,2420,0,0,0,0
2421,2421,0,0,0,0
2422,2422,0,0,0,1
2423,2423,0,0,1,1
2424,2424,0,0,0,0
2425,2425,0,0,0,1
2426,2426,0,0,0,0
2427,2427,0,0,0,0
2428,2428,0,0,1,1
2429,2429,0,0,0,0
2430,2430,0,0,0,1
2431,2431,0,0,0,0
2432,2432,0,0,0,0
2433,2433,0,0,0,0
2434,2434,0,0,0,1
2435,2435,0,0,0,0
2436,2436,0,0,1,0
2437,2437,0,0,0,0
2438,2438,1,0,0,1
2439,2439,0,0,0,0
2440,2440,0,0,0,0
2441,2441,0,0,0,0
2442,2442,0,0,0,0
2443,2443,1,0,0,0
2444,2444,0,0,0,0
2445,2445,0,0,0,0
2446,2446,0,0,0,1
2447,2447,0,0,0,0
2448,2448,0,0,0,1
2449,2449,0,0,0,1
2450,2450,0,0,0,0
2451,2451,0,0,0,0
2452,2452,0,0,0,0
2453,2453,0,0,0,0
2454,2454,0,0,0,0
2455,2455,0,0,0,0
2456,2456,0,0,0,0
2457,2457,0,0,1,0
2458,2458,0,0,1,0
2459,2459,0,0,0,1
2460,2460,0,0,0,0
2461,2461,0,0,0,0
2462,2462,0,0,0,1
2463,2463,0,0,1,0
2464,2464,0,0,0,0
2465,2465,0,0,0,0
2466,2466,0,0,0,0
2467,2467,0,0,0,1
2468,2468,0,0,0,1
2469,2469,0,0,0,0
2470,2470,0,0,0,1
2471,2471,0,0,1,1
2472,2472,0,0,1,1
2473,2473,0,0,0,0
2474,2474,0,0,0,0
2475,2475,0,0,1,1
2476,2476,0,0,0,1
2477,2477,0,0,0,0
2478,2478,0,0,0,0
2479,2479,0,0,1,0
2480,2480,0,0,0,0
2481,2481,0,1,1,0
2482,2482,0,0,0,0
2483,2483,0,0,0,0
2484,2484,0,0,0,0
2485,2485,0,0,0,0
2486,2486,0,0,1,0
2487,2487,0,0,0,0
2488,2488,0,0,0,0
2489,2489,0,0,0,0
2490,2490,0,0,0,0
2491,2491,0,0,0,0
2492,2492,0,0,0,0
2493,2493,0,0,0,0
2494,2494,0,0,0,0
2495,2495,0,0,0,1
2496,2496,0,0,0,0
2497,2497,0,0,0,0
2498,2498,1,0,0,0
2499,2499,0,0,0,0
2500,2500,0,0,0,0
2501,2501,0,0,0,0
2502,2502,0,0,0,0
2503,2503,0,0,0,0
2504,2504,0,0,0,0
2505,2505,0,0,0,0
2506,2506,1,0,1,0
2507,2507,0,0,0,0
2508,2508,0,0,0,0
2509,2509,0,0,0,0
2510,2510,0,0,0,0
2511,2511,0,0,0,1
2512,2512,0,0,0,0
2513,2513,0,0,0,0
2514,2514,0,0,0,1
2515,2515,0,1,0,0
2516,2516,0,0,0,0
2517,2517,0,0,0,0
2518,2518,1,0,0,0
2519,2519,0,0,0,0
2520,2520,0,0,1,0
2521,2521,0,0,0,0
2522,2522,0,0,1,0
2523,2523,0,0,0,0
2524,2524,1,0,0,1
2525,2525,0,0,1,0
2526,2526,0,0,0,1
2527,2527,1,0,1,1
2528,2528,0,0,0,1
2529,2529,0,0,1,0
2530,2530,0,0,0,0
2531,2531,0,0,0,0
2532,2532,0,0,0,0
2533,2533,0,0,0,1
2534,2534,0,0,0,0
2535,2535,0,0,1,0
2536,2536,0,1,0,0
2537,2537,0,0,0,0
2538,2538,0,0,1,1
2539,2539,1,0,1,0
2540,2540,0,0,0,0
2541,2541,0,0,1,0
2542,2542,0,0,0,0
2543,2543,0,0,0,0
2544,2544,0,0,0,0
2545,2545,0,0,0,0
2546,2546,0,0,0,0
2547,2547,0,0,1,0
2548,2548,0,0,0,1
2549,2549,0,0,0,0
2550,2550,0,0,0,0
2551,2551,0,0,0,0
2552,2552,0,0,0,0
2553,2553,0,0,0,0
2554,2554,0,0,0,0
2555,2555,0,0,0,0
2556,2556,0,0,0,0
2557,2557,0,0,0,0
2558,2558,0,0,0,0
2559,2559,0,0,0,0
2560,2560,0,0,0,0
2561,2561,0,0,0,0
2562,2562,1,0,0,0
2563,2563,0,0,0,0
2564,2564,0,0,0,0
2565,2565,0,0,0,0
2566,2566,0,0,0,0
2567,2567,0,0,0,0
2568,2568,0,0,0,0
2569,2569,0,0,0,0
2570,2570,0,0,0,0
2571,2571,0,0,0,0
2572,2572,0,0,0,0
2573,2573,0,0,0,0
2574,2574,0,0,0,0
2575,2575,0,0,0,0
2576,2576,0,0,0,0
2577,2577,0,0,0,0
2578,2578,0,0,0,0
2579,2579,0,0,0,0
2580,2580,0,0,0,0
2581,2581,0,0,0,0
2582,2582,0,0,0,0
2583,2583,0,0,0,0
2584,2584,0,0,0,0
2585,2585,0,0,0,0
2586,2586,0,0,0,0
2587,2587,0,0,0,0
2588,2588,0,0,0,0
2589,2589,0,0,0,0
2590,2590,0,0,0,0
2591,2591,0,0,0,1
2592,2592,0,0,0,0
2593,2593,0,0,0,0
2594,2594,0,0,0,0
2595,2595,0,0,0,0
2596,2596,0,0,0,0
2597,2597,0,0,0,0
2598,2598,0,0,0,0
2599,2599,0,0,0,0
2600,2600,0,0,0,0
2601,2601,0,0,0,0
2602,2602,0,0,0,0
2603,2603,0,0,0,0
2604,2604,0,0,0,0
2605,2605,0,0,0,0
2606,2606,0,0,0,0
2607,2607,0,0,0,0
2608,2608,0,0,0,0
2609,2609,0,0,0,0
2610,2610,0,0,0,0
2611,2611,0,0,0,0
2612,2612,0,0,0,0
2613,2613,0,0,0,0
2614,2614,0,0,0,0
2615,2615,0,0,0,0
2616,2616,0,0,0,0
2617,2617,0,0,0,0
2618,2618,0,0,0,0
2619,2619,0,0,0,0
2620,2620,0,0,0,0
2621,2621,0,0,0,0
2622,2622,0,0,0,0
2623,2623,0,0,0,0
2624,2624,0,0,0,0
2625,2625,0,0,0,0
2626,2626,0,0,0,0
