,end_date,start_date
0,2021-09-12,2021-09-06
1,2021-09-05,2021-08-30
2,2021-08-29,2021-08-23
3,2021-08-22,2021-08-16
4,2021-08-15,2021-08-09
5,2021-08-08,2021-08-02
6,2021-08-01,2021-07-26
7,2021-07-25,2021-07-19
8,2021-07-18,2021-07-12
9,2021-07-11,2021-07-05
10,2021-07-04,2021-06-28
11,2021-06-27,2021-06-21
12,2021-06-20,2021-06-14
13,2021-06-13,2021-06-07
14,2021-06-06,2021-05-31
15,2021-05-30,2021-05-24
16,2021-05-23,2021-05-17
17,2021-05-16,2021-05-10
18,2021-05-09,2021-05-03
19,2021-05-02,2021-04-26
20,2021-04-25,2021-04-19
21,2021-04-18,2021-04-12
22,2021-04-11,2021-04-05
23,2021-04-04,2021-03-29
24,2021-03-28,2021-03-22
25,2021-03-21,2021-03-15
26,2021-03-14,2021-03-08
27,2021-03-07,2021-03-01
28,2021-02-28,2021-02-22
29,2021-02-21,2021-02-15
30,2021-02-14,2021-02-08
31,2021-02-07,2021-02-01
32,2021-01-31,2021-01-25
33,2021-01-24,2021-01-18
34,2021-01-17,2021-01-11
35,2021-01-10,2021-01-04
36,2021-01-03,2020-12-28
37,2020-12-27,2020-12-21
38,2020-12-20,2020-12-14
39,2020-12-13,2020-12-07
40,2020-12-06,2020-11-30
41,2020-11-29,2020-11-23
42,2020-11-22,2020-11-16
43,2020-11-15,2020-11-09
44,2020-11-08,2020-11-02
45,2020-11-01,2020-10-26
46,2020-10-25,2020-10-19
47,2020-10-18,2020-10-12
48,2020-10-11,2020-10-05
49,2020-10-04,2020-09-28
50,2020-09-27,2020-09-21
51,2020-09-20,2020-09-14
52,2020-09-13,2020-09-07
53,2020-09-06,2020-08-31
54,2020-08-30,2020-08-24
55,2020-08-23,2020-08-17
56,2020-08-16,2020-08-10
57,2020-08-09,2020-08-03
58,2020-08-02,2020-07-27
59,2020-07-26,2020-07-20
60,2020-07-19,2020-07-13
61,2020-07-12,2020-07-06
62,2020-07-05,2020-06-29
63,2020-06-28,2020-06-22
64,2020-06-21,2020-06-15
65,2020-06-14,2020-06-08
66,2020-06-07,2020-06-01
67,2020-05-31,2020-05-25
68,2020-05-24,2020-05-18
69,2020-05-17,2020-05-11
70,2020-05-10,2020-05-04
71,2020-05-03,2020-04-27
72,2020-04-26,2020-04-20
73,2020-04-19,2020-04-13
74,2020-04-12,2020-04-06
75,2020-04-05,2020-03-30
76,2020-03-29,2020-03-23
77,2020-03-22,2020-03-16
78,2020-03-15,2020-03-09
79,2020-03-08,2020-03-02
80,2020-03-01,2020-02-24
81,2020-02-23,2020-02-17
82,2020-02-16,2020-02-10
83,2020-02-09,2020-02-03
84,2020-02-02,2020-01-27
85,2020-01-26,2020-01-20
86,2020-01-19,2020-01-13
87,2020-01-12,2020-01-06
88,2020-01-05,2019-12-30
89,2019-12-29,2019-12-23
90,2019-12-22,2019-12-16
91,2019-12-15,2019-12-09
92,2019-12-08,2019-12-02
93,2019-12-01,2019-11-25
94,2019-11-24,2019-11-18
95,2019-11-17,2019-11-11
96,2019-11-10,2019-11-04
97,2019-11-03,2019-10-28
98,2019-10-27,2019-10-21
99,2019-10-20,2019-10-14
100,2019-10-13,2019-10-07
101,2019-10-06,2019-09-30
102,2019-09-29,2019-09-23
103,2019-09-22,2019-09-16
104,2019-09-15,2019-09-09
105,2019-09-08,2019-09-02
106,2019-09-01,2019-08-26
107,2019-08-25,2019-08-19
108,2019-08-18,2019-08-12
109,2019-08-11,2019-08-05
110,2019-08-04,2019-07-29
111,2019-07-28,2019-07-22
112,2019-07-21,2019-07-15
113,2019-07-14,2019-07-08
114,2019-07-07,2019-07-01
115,2019-06-30,2019-06-24
116,2019-06-23,2019-06-17
117,2019-06-16,2019-06-10
118,2019-06-09,2019-06-03
119,2019-06-02,2019-05-27
120,2019-05-26,2019-05-20
121,2019-05-19,2019-05-13
122,2019-05-12,2019-05-06
123,2019-05-05,2019-04-29
124,2019-04-28,2019-04-22
125,2019-04-21,2019-04-15
126,2019-04-14,2019-04-08
127,2019-04-07,2019-04-01
128,2019-03-31,2019-03-25
129,2019-03-24,2019-03-18
130,2019-03-17,2019-03-11
131,2019-03-10,2019-03-04
132,2019-03-03,2019-02-25
133,2019-02-24,2019-02-18
134,2019-02-17,2019-02-11
135,2019-02-10,2019-02-04
136,2019-02-03,2019-01-28
137,2019-01-27,2019-01-21
138,2019-01-20,2019-01-14
139,2019-01-13,2019-01-07
140,2019-01-06,2018-12-31
141,2018-12-30,2018-12-24
142,2018-12-23,2018-12-17
143,2018-12-16,2018-12-10
144,2018-12-09,2018-12-03
145,2018-12-02,2018-11-26
146,2018-11-25,2018-11-19
147,2018-11-18,2018-11-12
148,2018-11-11,2018-11-05
149,2018-11-04,2018-10-29
150,2018-10-28,2018-10-22
151,2018-10-21,2018-10-15
152,2018-10-14,2018-10-08
153,2018-10-07,2018-10-01
154,2018-09-30,2018-09-24
155,2018-09-23,2018-09-17
156,2018-09-16,2018-09-10
157,2018-09-09,2018-09-03
158,2018-09-02,2018-08-27
159,2018-08-26,2018-08-20
160,2018-08-19,2018-08-13
161,2018-08-12,2018-08-06
162,2018-08-05,2018-07-30
163,2018-07-29,2018-07-23
164,2018-07-22,2018-07-16
165,2018-07-15,2018-07-09
166,2018-07-08,2018-07-02
167,2018-07-01,2018-06-25
168,2018-06-24,2018-06-18
169,2018-06-17,2018-06-11
170,2018-06-10,2018-06-04
171,2018-06-03,2018-05-28
172,2018-05-27,2018-05-21
173,2018-05-20,2018-05-14
174,2018-05-13,2018-05-07
175,2018-05-06,2018-04-30
176,2018-04-29,2018-04-23
177,2018-04-22,2018-04-16
178,2018-04-15,2018-04-09
179,2018-04-08,2018-04-02
180,2018-04-01,2018-03-26
181,2018-03-25,2018-03-19
182,2018-03-18,2018-03-12
183,2018-03-11,2018-03-05
184,2018-03-04,2018-02-26
185,2018-02-25,2018-02-19
186,2018-02-18,2018-02-12
187,2018-02-11,2018-02-05
188,2018-02-04,2018-01-29
189,2018-01-28,2018-01-22
190,2018-01-21,2018-01-15
191,2018-01-14,2018-01-08
192,2018-01-07,2018-01-01
193,2017-12-31,2017-12-25
194,2017-12-24,2017-12-18
195,2017-12-17,2017-12-11
196,2017-12-10,2017-12-04
197,2017-12-03,2017-11-27
198,2017-11-26,2017-11-20
199,2017-11-19,2017-11-13
200,2017-11-12,2017-11-06
201,2017-11-05,2017-10-30
202,2017-10-29,2017-10-23
203,2017-10-22,2017-10-16
204,2017-10-15,2017-10-09
205,2017-10-08,2017-10-02
206,2017-10-01,2017-09-25
207,2017-09-24,2017-09-18
208,2017-09-17,2017-09-11
209,2017-09-10,2017-09-04
210,2017-09-03,2017-08-28
211,2017-08-27,2017-08-21
212,2017-08-20,2017-08-14
213,2017-08-13,2017-08-07
214,2017-08-06,2017-07-31
215,2017-07-30,2017-07-24
216,2017-07-23,2017-07-17
217,2017-07-16,2017-07-10
218,2017-07-09,2017-07-03
219,2017-07-02,2017-06-26
220,2017-06-25,2017-06-19
221,2017-06-18,2017-06-12
222,2017-06-11,2017-06-05
223,2017-06-04,2017-05-29
224,2017-05-28,2017-05-22
225,2017-05-21,2017-05-15
226,2017-05-14,2017-05-08
227,2017-05-07,2017-05-01
228,2017-04-30,2017-04-24
229,2017-04-23,2017-04-17
230,2017-04-16,2017-04-10
231,2017-04-09,2017-04-03
232,2017-04-02,2017-03-27
233,2017-03-26,2017-03-20
234,2017-03-19,2017-03-13
235,2017-03-12,2017-03-06
236,2017-03-05,2017-02-27
237,2017-02-26,2017-02-20
238,2017-02-19,2017-02-13
239,2017-02-12,2017-02-06
240,2017-02-05,2017-01-30
241,2017-01-29,2017-01-23
242,2017-01-22,2017-01-16
243,2017-01-15,2017-01-09
244,2017-01-08,2017-01-02
245,2017-01-01,2016-12-26
246,2016-12-25,2016-12-19
247,2016-12-18,2016-12-12
248,2016-12-11,2016-12-05
249,2016-12-04,2016-11-28
250,2016-11-27,2016-11-21
251,2016-11-20,2016-11-14
252,2016-11-13,2016-11-07
253,2016-11-06,2016-10-31
254,2016-10-30,2016-10-24
255,2016-10-23,2016-10-17
256,2016-10-16,2016-10-10
257,2016-10-09,2016-10-03
258,2016-10-02,2016-09-26
259,2016-09-25,2016-09-19
260,2016-09-18,2016-09-12
261,2016-09-11,2016-09-05
262,2016-09-04,2016-08-29
263,2016-08-28,2016-08-22
264,2016-08-21,2016-08-15
265,2016-08-14,2016-08-08
266,2016-08-07,2016-08-01
267,2016-07-31,2016-07-25
268,2016-07-24,2016-07-18
269,2016-07-17,2016-07-11
270,2016-07-10,2016-07-04
271,2016-07-03,2016-06-27
272,2016-06-26,2016-06-20
273,2016-06-19,2016-06-13
274,2016-06-12,2016-06-06
275,2016-06-05,2016-05-30
276,2016-05-29,2016-05-23
277,2016-05-22,2016-05-16
278,2016-05-15,2016-05-09
279,2016-05-08,2016-05-02
280,2016-05-01,2016-04-25
281,2016-04-24,2016-04-18
282,2016-04-17,2016-04-11
283,2016-04-10,2016-04-04
284,2016-04-03,2016-03-28
285,2016-03-27,2016-03-21
286,2016-03-20,2016-03-14
287,2016-03-13,2016-03-07
288,2016-03-06,2016-02-29
289,2016-02-28,2016-02-22
290,2016-02-21,2016-02-15
291,2016-02-14,2016-02-08
292,2016-02-07,2016-02-01
293,2016-01-31,2016-01-25
294,2016-01-24,2016-01-18
295,2016-01-17,2016-01-11
296,2016-01-10,2016-01-04
297,2016-01-03,2015-12-28
298,2015-12-27,2015-12-21
299,2015-12-20,2015-12-14
300,2015-12-13,2015-12-07
301,2015-12-06,2015-11-30
302,2015-11-29,2015-11-23
303,2015-11-22,2015-11-16
304,2015-11-15,2015-11-09
305,2015-11-08,2015-11-02
306,2015-11-01,2015-10-26
307,2015-10-25,2015-10-19
308,2015-10-18,2015-10-12
309,2015-10-11,2015-10-05
310,2015-10-04,2015-09-28
311,2015-09-27,2015-09-21
312,2015-09-20,2015-09-14
313,2015-09-13,2015-09-07
314,2015-09-06,2015-08-31
315,2015-08-30,2015-08-24
316,2015-08-23,2015-08-17
317,2015-08-16,2015-08-10
318,2015-08-09,2015-08-03
319,2015-08-02,2015-07-27
320,2015-07-26,2015-07-20
321,2015-07-19,2015-07-13
322,2015-07-12,2015-07-06
323,2015-07-05,2015-06-29
324,2015-06-28,2015-06-22
325,2015-06-21,2015-06-15
326,2015-06-14,2015-06-08
327,2015-06-07,2015-06-01
328,2015-05-31,2015-05-25
329,2015-05-24,2015-05-18
330,2015-05-17,2015-05-11
331,2015-05-10,2015-05-04
332,2015-05-03,2015-04-27
333,2015-04-26,2015-04-20
334,2015-04-19,2015-04-13
335,2015-04-12,2015-04-06
336,2015-04-05,2015-03-30
337,2015-03-29,2015-03-23
338,2015-03-22,2015-03-16
339,2015-03-15,2015-03-09
340,2015-03-08,2015-03-02
341,2015-03-01,2015-02-23
342,2015-02-22,2015-02-16
343,2015-02-15,2015-02-09
344,2015-02-08,2015-02-02
345,2015-02-01,2015-01-26
346,2015-01-25,2015-01-19
347,2015-01-18,2015-01-12
348,2015-01-11,2015-01-05
349,2015-01-04,2014-12-29
350,2014-12-28,2014-12-22
351,2014-12-21,2014-12-15
352,2014-12-14,2014-12-08
353,2014-12-07,2014-12-01
354,2014-11-30,2014-11-24
355,2014-11-23,2014-11-17
356,2014-11-16,2014-11-10
357,2014-11-09,2014-11-03
358,2014-11-02,2014-10-27
359,2014-10-26,2014-10-20
360,2014-10-19,2014-10-13
361,2014-10-12,2014-10-06
362,2014-10-05,2014-09-29
363,2014-09-28,2014-09-22
364,2014-09-21,2014-09-15
365,2014-09-14,2014-09-08
366,2014-09-07,2014-09-01
367,2014-08-31,2014-08-25
368,2014-08-24,2014-08-18
369,2014-08-17,2014-08-11
370,2014-08-10,2014-08-04
371,2014-08-03,2014-07-28
372,2014-07-27,2014-07-21
373,2014-07-20,2014-07-14
374,2014-07-13,2014-07-07
375,2014-07-06,2014-06-30
376,2014-06-29,2014-06-23
377,2014-06-22,2014-06-16
378,2014-06-15,2014-06-09
379,2014-06-08,2014-06-02
380,2014-06-01,2014-05-26
381,2014-05-25,2014-05-19
382,2014-05-18,2014-05-12
383,2014-05-11,2014-05-05
384,2014-05-04,2014-04-28
385,2014-04-27,2014-04-21
386,2014-04-20,2014-04-14
387,2014-04-13,2014-04-07
388,2014-04-06,2014-03-31
389,2014-03-30,2014-03-24
390,2014-03-23,2014-03-17
391,2014-03-16,2014-03-10
392,2014-03-09,2014-03-03
393,2014-03-02,2014-02-24
394,2014-02-23,2014-02-17
395,2014-02-16,2014-02-10
396,2014-02-09,2014-02-03
397,2014-02-02,2014-01-27
398,2014-01-26,2014-01-20
399,2014-01-19,2014-01-13
400,2014-01-12,2014-01-06
401,2014-01-05,2013-12-30
402,2013-12-29,2013-12-23
403,2013-12-22,2013-12-16
404,2013-12-15,2013-12-09
405,2013-12-08,2013-12-02
406,2013-12-01,2013-11-25
407,2013-11-24,2013-11-18
408,2013-11-17,2013-11-11
409,2013-11-10,2013-11-04
410,2013-11-03,2013-10-28
411,2013-10-27,2013-10-21
412,2013-10-20,2013-10-14
413,2013-10-13,2013-10-07
414,2013-10-06,2013-09-30
415,2013-09-29,2013-09-23
416,2013-09-22,2013-09-16
417,2013-09-15,2013-09-09
418,2013-09-08,2013-09-02
419,2013-09-01,2013-08-26
420,2013-08-25,2013-08-19
421,2013-08-18,2013-08-12
422,2013-08-11,2013-08-05
423,2013-08-04,2013-07-29
424,2013-07-28,2013-07-22
425,2013-07-21,2013-07-15
426,2013-07-14,2013-07-08
427,2013-07-07,2013-07-01
428,2013-06-30,2013-06-24
429,2013-06-23,2013-06-17
430,2013-06-16,2013-06-10
431,2013-06-09,2013-06-03
432,2013-06-02,2013-05-27
433,2013-05-26,2013-05-20
434,2013-05-19,2013-05-13
435,2013-05-12,2013-05-06
436,2013-05-05,2013-04-29
437,2013-04-28,2013-04-22
438,2013-04-21,2013-04-15
439,2013-04-14,2013-04-08
440,2013-04-07,2013-04-01
441,2013-03-31,2013-03-25
442,2013-03-24,2013-03-18
443,2013-03-17,2013-03-11
444,2013-03-10,2013-03-04
445,2013-03-03,2013-02-25
446,2013-02-24,2013-02-18
447,2013-02-17,2013-02-11
448,2013-02-10,2013-02-04
449,2013-02-03,2013-01-28
450,2013-01-27,2013-01-21
451,2013-01-20,2013-01-14
452,2013-01-13,2013-01-07
453,2013-01-06,2012-12-31
454,2012-12-30,2012-12-24
455,2012-12-23,2012-12-17
456,2012-12-16,2012-12-10
457,2012-12-09,2012-12-03
458,2012-12-02,2012-11-26
459,2012-11-25,2012-11-19
460,2012-11-18,2012-11-12
461,2012-11-11,2012-11-05
462,2012-11-04,2012-10-29
463,2012-10-28,2012-10-22
464,2012-10-21,2012-10-15
465,2012-10-14,2012-10-08
466,2012-10-07,2012-10-01
467,2012-09-30,2012-09-24
468,2012-09-23,2012-09-17
469,2012-09-16,2012-09-10
470,2012-09-09,2012-09-03
471,2012-09-02,2012-08-27
472,2012-08-26,2012-08-20
473,2012-08-19,2012-08-13
474,2012-08-12,2012-08-06
475,2012-08-05,2012-07-30
476,2012-07-29,2012-07-23
477,2012-07-22,2012-07-16
478,2012-07-15,2012-07-09
479,2012-07-08,2012-07-02
480,2012-07-01,2012-06-25
481,2012-06-24,2012-06-18
482,2012-06-17,2012-06-11
483,2012-06-10,2012-06-04
484,2012-06-03,2012-05-28
485,2012-05-27,2012-05-21
486,2012-05-20,2012-05-14
487,2012-05-13,2012-05-07
488,2012-05-06,2012-04-30
489,2012-04-29,2012-04-23
490,2012-04-22,2012-04-16
491,2012-04-15,2012-04-09
492,2012-04-08,2012-04-02
493,2012-04-01,2012-03-26
494,2012-03-25,2012-03-19
495,2012-03-18,2012-03-12
496,2012-03-11,2012-03-05
497,2012-03-04,2012-02-27
498,2012-02-26,2012-02-20
499,2012-02-19,2012-02-13
500,2012-02-12,2012-02-06
501,2012-02-05,2012-01-30
502,2012-01-29,2012-01-23
503,2012-01-22,2012-01-16
504,2012-01-15,2012-01-09
505,2012-01-08,2012-01-02
506,2012-01-01,2011-12-26
507,2011-12-25,2011-12-19
508,2011-12-18,2011-12-12
509,2011-12-11,2011-12-05
510,2011-12-04,2011-11-28
511,2011-11-27,2011-11-21
512,2011-11-20,2011-11-14
513,2011-11-13,2011-11-07
514,2011-11-06,2011-10-31
515,2011-10-30,2011-10-24
516,2011-10-23,2011-10-17
517,2011-10-16,2011-10-10
518,2011-10-09,2011-10-03
519,2011-10-02,2011-09-26
520,2011-09-25,2011-09-19
521,2011-09-18,2011-09-12
522,2011-09-11,2011-09-05
523,2011-09-04,2011-08-29
524,2011-08-28,2011-08-22
525,2011-08-21,2011-08-15
526,2011-08-14,2011-08-08
527,2011-08-07,2011-08-01
528,2011-07-31,2011-07-25
529,2011-07-24,2011-07-18
530,2011-07-17,2011-07-11
531,2011-07-10,2011-07-04
532,2011-07-03,2011-06-27
533,2011-06-26,2011-06-20
534,2011-06-19,2011-06-13
535,2011-06-12,2011-06-06
536,2011-06-05,2011-05-30
537,2011-05-29,2011-05-23
538,2011-05-22,2011-05-16
539,2011-05-15,2011-05-09
540,2011-05-08,2011-05-02
541,2011-05-01,2011-04-25
542,2011-04-24,2011-04-18
543,2011-04-17,2011-04-11
544,2011-04-10,2011-04-04
545,2011-04-03,2011-03-28
546,2011-03-27,2011-03-21
547,2011-03-20,2011-03-14
548,2011-03-13,2011-03-07
549,2011-03-06,2011-02-28
550,2011-02-27,2011-02-21
551,2011-02-20,2011-02-14
552,2011-02-13,2011-02-07
553,2011-02-06,2011-01-31
554,2011-01-30,2011-01-24
555,2011-01-23,2011-01-17
556,2011-01-16,2011-01-10
557,2011-01-09,2011-01-03
558,2011-01-02,2010-12-27
559,2010-12-26,2010-12-20
560,2010-12-19,2010-12-13
561,2010-12-12,2010-12-06
562,2010-12-05,2010-11-29
563,2010-11-28,2010-11-22
564,2010-11-21,2010-11-15
565,2010-11-14,2010-11-08
566,2010-11-07,2010-11-01
567,2010-10-31,2010-10-25
568,2010-10-24,2010-10-18
569,2010-10-17,2010-10-11
570,2010-10-10,2010-10-04
571,2010-10-03,2010-09-27
572,2010-09-26,2010-09-20
573,2010-09-19,2010-09-13
574,2010-09-12,2010-09-06
575,2010-09-05,2010-08-30
576,2010-08-29,2010-08-23
577,2010-08-22,2010-08-16
578,2010-08-15,2010-08-09
579,2010-08-08,2010-08-02
580,2010-08-01,2010-07-26
581,2010-07-25,2010-07-19
582,2010-07-18,2010-07-12
583,2010-07-11,2010-07-05
584,2010-07-04,2010-06-28
585,2010-06-27,2010-06-21
586,2010-06-20,2010-06-14
587,2010-06-13,2010-06-07
588,2010-06-06,2010-05-31
589,2010-05-30,2010-05-24
590,2010-05-23,2010-05-17
591,2010-05-16,2010-05-10
592,2010-05-09,2010-05-03
593,2010-05-02,2010-04-26
594,2010-04-25,2010-04-19
595,2010-04-18,2010-04-12
596,2010-04-11,2010-04-05
597,2010-04-04,2010-03-29
598,2010-03-28,2010-03-22
599,2010-03-21,2010-03-15
600,2010-03-14,2010-03-08
601,2010-03-07,2010-03-01
602,2010-02-28,2010-02-22
603,2010-02-21,2010-02-15
604,2010-02-14,2010-02-08
605,2010-02-07,2010-02-01
606,2010-01-31,2010-01-25
607,2010-01-24,2010-01-18
608,2010-01-17,2010-01-11
609,2010-01-10,2010-01-04
610,2010-01-03,2009-12-28
611,2009-12-27,2009-12-21
612,2009-12-20,2009-12-14
613,2009-12-13,2009-12-07
614,2009-12-06,2009-11-30
615,2009-11-29,2009-11-23
616,2009-11-22,2009-11-16
617,2009-11-15,2009-11-09
618,2009-11-08,2009-11-02
619,2009-11-01,2009-10-26
620,2009-10-25,2009-10-19
621,2009-10-18,2009-10-12
622,2009-10-11,2009-10-05
623,2009-10-04,2009-09-28
624,2009-09-27,2009-09-21
625,2009-09-20,2009-09-14
626,2009-09-13,2009-09-07
627,2009-09-06,2009-08-31
628,2009-08-30,2009-08-24
629,2009-08-23,2009-08-17
630,2009-08-16,2009-08-10
631,2009-08-09,2009-08-03
632,2009-08-02,2009-07-27
633,2009-07-26,2009-07-20
634,2009-07-19,2009-07-13
635,2009-07-12,2009-07-06
636,2009-07-05,2009-06-29
637,2009-06-28,2009-06-22
638,2009-06-21,2009-06-15
639,2009-06-14,2009-06-08
640,2009-06-07,2009-06-01
641,2009-05-31,2009-05-25
642,2009-05-24,2009-05-18
643,2009-05-17,2009-05-11
644,2009-05-10,2009-05-04
645,2009-05-03,2009-04-27
646,2009-04-26,2009-04-20
647,2009-04-19,2009-04-13
648,2009-04-12,2009-04-06
649,2009-04-05,2009-03-30
650,2009-03-29,2009-03-23
651,2009-03-22,2009-03-16
652,2009-03-15,2009-03-09
653,2009-03-08,2009-03-02
654,2009-03-01,2009-02-23
655,2009-02-22,2009-02-16
656,2009-02-15,2009-02-09
657,2009-02-08,2009-02-02
658,2009-02-01,2009-01-26
659,2009-01-25,2009-01-19
660,2009-01-18,2009-01-12
661,2009-01-11,2009-01-05
662,2009-01-04,2008-12-29
663,2008-12-28,2008-12-22
664,2008-12-21,2008-12-15
665,2008-12-14,2008-12-08
666,2008-12-07,2008-12-01
667,2008-11-30,2008-11-24
668,2008-11-23,2008-11-17
669,2008-11-16,2008-11-10
670,2008-11-09,2008-11-03
671,2008-11-02,2008-10-27
672,2008-10-26,2008-10-20
673,2008-10-19,2008-10-13
674,2008-10-12,2008-10-06
675,2008-10-05,2008-09-29
676,2008-09-28,2008-09-22
677,2008-09-21,2008-09-15
678,2008-09-14,2008-09-08
679,2008-09-07,2008-09-01
680,2008-08-31,2008-08-25
681,2008-08-24,2008-08-18
682,2008-08-17,2008-08-11
683,2008-08-10,2008-08-04
684,2008-08-03,2008-07-28
685,2008-07-27,2008-07-21
686,2008-07-20,2008-07-14
687,2008-07-13,2008-07-07
688,2008-07-06,2008-06-30
689,2008-06-29,2008-06-23
690,2008-06-22,2008-06-16
691,2008-06-15,2008-06-09
692,2008-06-08,2008-06-02
693,2008-06-01,2008-05-26
694,2008-05-25,2008-05-19
695,2008-05-18,2008-05-12
696,2008-05-11,2008-05-05
697,2008-05-04,2008-04-28
698,2008-04-27,2008-04-21
699,2008-04-20,2008-04-14
700,2008-04-13,2008-04-07
701,2008-04-06,2008-03-31
702,2008-03-30,2008-03-24
703,2008-03-23,2008-03-17
704,2008-03-16,2008-03-10
705,2008-03-09,2008-03-03
706,2008-03-02,2008-02-25
707,2008-02-24,2008-02-18
708,2008-02-17,2008-02-11
709,2008-02-10,2008-02-04
710,2008-02-03,2008-01-28
711,2008-01-27,2008-01-21
712,2008-01-20,2008-01-14
713,2008-01-13,2008-01-07
714,2008-01-06,2007-12-31
715,2007-12-30,2007-12-24
716,2007-12-23,2007-12-17
717,2007-12-16,2007-12-10
718,2007-12-09,2007-12-03
719,2007-12-02,2007-11-26
720,2007-11-25,2007-11-19
721,2007-11-18,2007-11-12
722,2007-11-11,2007-11-05
723,2007-11-04,2007-10-29
724,2007-10-28,2007-10-22
725,2007-10-21,2007-10-15
726,2007-10-14,2007-10-08
727,2007-10-07,2007-10-01
728,2007-09-30,2007-09-24
729,2007-09-23,2007-09-17
730,2007-09-16,2007-09-10
731,2007-09-09,2007-09-03
732,2007-09-02,2007-08-27
733,2007-08-26,2007-08-20
734,2007-08-19,2007-08-13
735,2007-08-12,2007-08-06
736,2007-08-05,2007-07-30
737,2007-07-29,2007-07-23
738,2007-07-22,2007-07-16
739,2007-07-15,2007-07-09
740,2007-07-08,2007-07-02
741,2007-07-01,2007-06-25
742,2007-06-24,2007-06-18
743,2007-06-17,2007-06-11
744,2007-06-10,2007-06-04
745,2007-06-03,2007-05-28
746,2007-05-27,2007-05-21
747,2007-05-20,2007-05-14
748,2007-05-13,2007-05-07
749,2007-05-06,2007-04-30
750,2007-04-29,2007-04-23
751,2007-04-22,2007-04-16
752,2007-04-15,2007-04-09
753,2007-04-08,2007-04-02
754,2007-04-01,2007-03-26
755,2007-03-25,2007-03-19
756,2007-03-18,2007-03-12
757,2007-03-11,2007-03-05
758,2007-03-04,2007-02-26
759,2007-02-25,2007-02-19
760,2007-02-18,2007-02-12
761,2007-02-11,2007-02-05
762,2007-02-04,2007-01-29
763,2007-01-28,2007-01-22
764,2007-01-21,2007-01-15
765,2007-01-14,2007-01-08
766,2007-01-07,2007-01-01
767,2006-12-31,2006-12-25
768,2006-12-24,2006-12-18
769,2006-12-17,2006-12-11
770,2006-12-10,2006-12-04
771,2006-12-03,2006-11-27
772,2006-11-26,2006-11-20
773,2006-11-19,2006-11-13
774,2006-11-12,2006-11-06
775,2006-11-05,2006-10-30
776,2006-10-29,2006-10-23
777,2006-10-22,2006-10-16
778,2006-10-15,2006-10-09
779,2006-10-08,2006-10-02
780,2006-10-01,2006-09-25
781,2006-09-24,2006-09-18
782,2006-09-17,2006-09-11
783,2006-09-10,2006-09-04
784,2006-09-03,2006-08-28
785,2006-08-27,2006-08-21
786,2006-08-20,2006-08-14
787,2006-08-13,2006-08-07
788,2006-08-06,2006-07-31
789,2006-07-30,2006-07-24
790,2006-07-23,2006-07-17
791,2006-07-16,2006-07-10
792,2006-07-09,2006-07-03
793,2006-07-02,2006-06-26
794,2006-06-25,2006-06-19
795,2006-06-18,2006-06-12
796,2006-06-11,2006-06-05
797,2006-06-04,2006-05-29
798,2006-05-28,2006-05-22
799,2006-05-21,2006-05-15
800,2006-05-14,2006-05-08
801,2006-05-07,2006-05-01
802,2006-04-30,2006-04-24
803,2006-04-23,2006-04-17
804,2006-04-16,2006-04-10
805,2006-04-09,2006-04-03
806,2006-04-02,2006-03-27
807,2006-03-26,2006-03-20
808,2006-03-19,2006-03-13
809,2006-03-12,2006-03-06
810,2006-03-05,2006-02-27
811,2006-02-26,2006-02-20
812,2006-02-19,2006-02-13
813,2006-02-12,2006-02-06
814,2006-02-05,2006-01-30
815,2006-01-29,2006-01-23
816,2006-01-22,2006-01-16
817,2006-01-15,2006-01-09
818,2006-01-08,2006-01-02
819,2006-01-01,2005-12-26
820,2005-12-25,2005-12-19
821,2005-12-18,2005-12-12
822,2005-12-11,2005-12-05
823,2005-12-04,2005-11-28
824,2005-11-27,2005-11-21
825,2005-11-20,2005-11-14
826,2005-11-13,2005-11-07
827,2005-11-06,2005-10-31
828,2005-10-30,2005-10-24
829,2005-10-23,2005-10-17
830,2005-10-16,2005-10-10
831,2005-10-09,2005-10-03
832,2005-10-02,2005-09-26
833,2005-09-25,2005-09-19
834,2005-09-18,2005-09-12
835,2005-09-11,2005-09-05
836,2005-09-04,2005-08-29
837,2005-08-28,2005-08-22
838,2005-08-21,2005-08-15
839,2005-08-14,2005-08-08
840,2005-08-07,2005-08-01
841,2005-07-31,2005-07-25
842,2005-07-24,2005-07-18
843,2005-07-17,2005-07-11
844,2005-07-10,2005-07-04
845,2005-07-03,2005-06-27
846,2005-06-26,2005-06-20
847,2005-06-19,2005-06-13
848,2005-06-12,2005-06-06
849,2005-06-05,2005-05-30
850,2005-05-29,2005-05-23
851,2005-05-22,2005-05-16
852,2005-05-15,2005-05-09
853,2005-05-08,2005-05-02
854,2005-05-01,2005-04-25
855,2005-04-24,2005-04-18
856,2005-04-17,2005-04-11
857,2005-04-10,2005-04-04
858,2005-04-03,2005-03-28
859,2005-03-27,2005-03-21
860,2005-03-20,2005-03-14
861,2005-03-13,2005-03-07
862,2005-03-06,2005-02-28
863,2005-02-27,2005-02-21
864,2005-02-20,2005-02-14
865,2005-02-13,2005-02-07
866,2005-02-06,2005-01-31
867,2005-01-30,2005-01-24
868,2005-01-23,2005-01-17
869,2005-01-16,2005-01-10
870,2005-01-09,2005-01-03
871,2005-01-02,2004-12-27
872,2004-12-26,2004-12-20
873,2004-12-19,2004-12-13
874,2004-12-12,2004-12-06
875,2004-12-05,2004-11-29
876,2004-11-28,2004-11-22
877,2004-11-21,2004-11-15
878,2004-11-14,2004-11-08
879,2004-11-07,2004-11-01
880,2004-10-31,2004-10-25
881,2004-10-24,2004-10-18
882,2004-10-17,2004-10-11
883,2004-10-10,2004-10-04
884,2004-10-03,2004-09-27
885,2004-09-26,2004-09-20
886,2004-09-19,2004-09-13
887,2004-09-12,2004-09-06
888,2004-09-05,2004-08-30
889,2004-08-29,2004-08-23
890,2004-08-22,2004-08-16
891,2004-08-15,2004-08-09
892,2004-08-08,2004-08-02
893,2004-08-01,2004-07-26
894,2004-07-25,2004-07-19
895,2004-07-18,2004-07-12
896,2004-07-11,2004-07-05
897,2004-07-04,2004-06-28
898,2004-06-27,2004-06-21
899,2004-06-20,2004-06-14
900,2004-06-13,2004-06-07
901,2004-06-06,2004-05-31
902,2004-05-30,2004-05-24
903,2004-05-23,2004-05-17
904,2004-05-16,2004-05-10
905,2004-05-09,2004-05-03
906,2004-05-02,2004-04-26
907,2004-04-25,2004-04-19
908,2004-04-18,2004-04-12
909,2004-04-11,2004-04-05
910,2004-04-04,2004-03-29
911,2004-03-28,2004-03-22
912,2004-03-21,2004-03-15
913,2004-03-14,2004-03-08
914,2004-03-07,2004-03-01
915,2004-02-29,2004-02-23
916,2004-02-22,2004-02-16
917,2004-02-15,2004-02-09
918,2004-02-08,2004-02-02
919,2004-02-01,2004-01-26
920,2004-01-25,2004-01-19
921,2004-01-18,2004-01-12
922,2004-01-11,2004-01-05
923,2004-01-04,2003-12-29
924,2003-12-28,2003-12-22
925,2003-12-21,2003-12-15
926,2003-12-14,2003-12-08
927,2003-12-07,2003-12-01
928,2003-11-30,2003-11-24
929,2003-11-23,2003-11-17
930,2003-11-16,2003-11-10
931,2003-11-09,2003-11-03
932,2003-11-02,2003-10-27
933,2003-10-26,2003-10-20
934,2003-10-19,2003-10-13
935,2003-10-12,2003-10-06
936,2003-10-05,2003-09-29
937,2003-09-28,2003-09-22
938,2003-09-21,2003-09-15
939,2003-09-14,2003-09-08
940,2003-09-07,2003-09-01
941,2003-08-31,2003-08-25
942,2003-08-24,2003-08-18
943,2003-08-17,2003-08-11
944,2003-08-10,2003-08-04
945,2003-08-03,2003-07-28
946,2003-07-27,2003-07-21
947,2003-07-20,2003-07-14
948,2003-07-13,2003-07-07
949,2003-07-06,2003-06-30
950,2003-06-29,2003-06-23
951,2003-06-22,2003-06-16
952,2003-06-15,2003-06-09
953,2003-06-08,2003-06-02
954,2003-06-01,2003-05-26
955,2003-05-25,2003-05-19
956,2003-05-18,2003-05-12
957,2003-05-11,2003-05-05
958,2003-05-04,2003-04-28
959,2003-04-27,2003-04-21
960,2003-04-20,2003-04-14
961,2003-04-13,2003-04-07
962,2003-04-06,2003-03-31
963,2003-03-30,2003-03-24
964,2003-03-23,2003-03-17
965,2003-03-16,2003-03-10
966,2003-03-09,2003-03-03
967,2003-03-02,2003-02-24
968,2003-02-23,2003-02-17
969,2003-02-16,2003-02-10
970,2003-02-09,2003-02-03
971,2003-02-02,2003-01-27
972,2003-01-26,2003-01-20
973,2003-01-19,2003-01-13
974,2003-01-12,2003-01-06
975,2003-01-05,2002-12-30
976,2002-12-29,2002-12-23
977,2002-12-22,2002-12-16
978,2002-12-15,2002-12-09
979,2002-12-08,2002-12-02
980,2002-12-01,2002-11-25
981,2002-11-24,2002-11-18
982,2002-11-17,2002-11-11
983,2002-11-10,2002-11-04
984,2002-11-03,2002-10-28
985,2002-10-27,2002-10-21
986,2002-10-20,2002-10-14
987,2002-10-13,2002-10-07
988,2002-10-06,2002-09-30
989,2002-09-29,2002-09-23
990,2002-09-22,2002-09-16
991,2002-09-15,2002-09-09
992,2002-09-08,2002-09-02
993,2002-09-01,2002-08-26
994,2002-08-25,2002-08-19
995,2002-08-18,2002-08-12
996,2002-08-11,2002-08-05
997,2002-08-04,2002-07-29
998,2002-07-28,2002-07-22
999,2002-07-21,2002-07-15
1000,2002-07-14,2002-07-08
1001,2002-07-07,2002-07-01
1002,2002-06-30,2002-06-24
1003,2002-06-23,2002-06-17
1004,2002-06-16,2002-06-10
1005,2002-06-09,2002-06-03
1006,2002-06-02,2002-05-27
1007,2002-05-26,2002-05-20
1008,2002-05-19,2002-05-13
1009,2002-05-12,2002-05-06
1010,2002-05-05,2002-04-29
1011,2002-04-28,2002-04-22
1012,2002-04-21,2002-04-15
1013,2002-04-14,2002-04-08
1014,2002-04-07,2002-04-01
1015,2002-03-31,2002-03-25
1016,2002-03-24,2002-03-18
1017,2002-03-17,2002-03-11
1018,2002-03-10,2002-03-04
1019,2002-03-03,2002-02-25
1020,2002-02-24,2002-02-18
1021,2002-02-17,2002-02-11
1022,2002-02-10,2002-02-04
1023,2002-02-03,2002-01-28
1024,2002-01-27,2002-01-21
1025,2002-01-20,2002-01-14
1026,2002-01-13,2002-01-07
1027,2002-01-06,2001-12-31
1028,2001-12-30,2001-12-24
1029,2001-12-23,2001-12-17
1030,2001-12-16,2001-12-10
1031,2001-12-09,2001-12-03
1032,2001-12-02,2001-11-26
1033,2001-11-25,2001-11-19
1034,2001-11-18,2001-11-12
1035,2001-11-11,2001-11-05
1036,2001-11-04,2001-10-29
1037,2001-10-28,2001-10-22
1038,2001-10-21,2001-10-15
1039,2001-10-14,2001-10-08
1040,2001-10-07,2001-10-01
1041,2001-09-30,2001-09-24
1042,2001-09-23,2001-09-17
1043,2001-09-16,2001-09-10
1044,2001-09-09,2001-09-03
1045,2001-09-02,2001-08-27
1046,2001-08-26,2001-08-20
1047,2001-08-19,2001-08-13
1048,2001-08-12,2001-08-06
1049,2001-08-05,2001-07-30
1050,2001-07-29,2001-07-23
1051,2001-07-22,2001-07-16
1052,2001-07-15,2001-07-09
1053,2001-07-08,2001-07-02
1054,2001-07-01,2001-06-25
1055,2001-06-24,2001-06-18
1056,2001-06-17,2001-06-11
1057,2001-06-10,2001-06-04
1058,2001-06-03,2001-05-28
1059,2001-05-27,2001-05-21
1060,2001-05-20,2001-05-14
1061,2001-05-13,2001-05-07
1062,2001-05-06,2001-04-30
1063,2001-04-29,2001-04-23
1064,2001-04-22,2001-04-16
1065,2001-04-15,2001-04-09
1066,2001-04-08,2001-04-02
1067,2001-04-01,2001-03-26
1068,2001-03-25,2001-03-19
1069,2001-03-18,2001-03-12
1070,2001-03-11,2001-03-05
1071,2001-03-04,2001-02-26
1072,2001-02-25,2001-02-19
1073,2001-02-18,2001-02-12
1074,2001-02-11,2001-02-05
1075,2001-02-04,2001-01-29
1076,2001-01-28,2001-01-22
1077,2001-01-21,2001-01-15
1078,2001-01-14,2001-01-08
1079,2001-01-07,2001-01-01
1080,2000-12-31,2000-12-25
1081,2000-12-24,2000-12-18
1082,2000-12-17,2000-12-11
1083,2000-12-10,2000-12-04
1084,2000-12-03,2000-11-27
1085,2000-11-26,2000-11-20
1086,2000-11-19,2000-11-13
1087,2000-11-12,2000-11-06
1088,2000-11-05,2000-10-30
1089,2000-10-29,2000-10-23
1090,2000-10-22,2000-10-16
1091,2000-10-15,2000-10-09
1092,2000-10-08,2000-10-02
1093,2000-10-01,2000-09-25
1094,2000-09-24,2000-09-18
1095,2000-09-17,2000-09-11
1096,2000-09-10,2000-09-04
1097,2000-09-03,2000-08-28
1098,2000-08-27,2000-08-21
1099,2000-08-20,2000-08-14
1100,2000-08-13,2000-08-07
1101,2000-08-06,2000-07-31
1102,2000-07-30,2000-07-24
1103,2000-07-23,2000-07-17
1104,2000-07-16,2000-07-10
1105,2000-07-09,2000-07-03
1106,2000-07-02,2000-06-26
1107,2000-06-25,2000-06-19
1108,2000-06-18,2000-06-12
1109,2000-06-11,2000-06-05
1110,2000-06-04,2000-05-29
1111,2000-05-28,2000-05-22
1112,2000-05-21,2000-05-15
1113,2000-05-14,2000-05-08
1114,2000-05-07,2000-05-01
1115,2000-04-30,2000-04-24
1116,2000-04-23,2000-04-17
1117,2000-04-16,2000-04-10
1118,2000-04-09,2000-04-03
1119,2000-04-02,2000-03-27
1120,2000-03-26,2000-03-20
1121,2000-03-19,2000-03-13
1122,2000-03-12,2000-03-06
1123,2000-03-05,2000-02-28
1124,2000-02-27,2000-02-21
1125,2000-02-20,2000-02-14
1126,2000-02-13,2000-02-07
1127,2000-02-06,2000-01-31
1128,2000-01-30,2000-01-24
1129,2000-01-23,2000-01-17
1130,2000-01-16,2000-01-10
1131,2000-01-09,2000-01-03
1132,2000-01-02,1999-12-27
1133,1999-12-26,1999-12-20
1134,1999-12-19,1999-12-13
1135,1999-12-12,1999-12-06
1136,1999-12-05,1999-11-29
1137,1999-11-28,1999-11-22
1138,1999-11-21,1999-11-15
1139,1999-11-14,1999-11-08
1140,1999-11-07,1999-11-01
1141,1999-10-31,1999-10-25
1142,1999-10-24,1999-10-18
1143,1999-10-17,1999-10-11
1144,1999-10-10,1999-10-04
1145,1999-10-03,1999-09-27
1146,1999-09-26,1999-09-20
1147,1999-09-19,1999-09-13
1148,1999-09-12,1999-09-06
1149,1999-09-05,1999-08-30
1150,1999-08-29,1999-08-23
1151,1999-08-22,1999-08-16
1152,1999-08-15,1999-08-09
1153,1999-08-08,1999-08-02
1154,1999-08-01,1999-07-26
1155,1999-07-25,1999-07-19
1156,1999-07-18,1999-07-12
1157,1999-07-11,1999-07-05
1158,1999-07-04,1999-06-28
1159,1999-06-27,1999-06-21
1160,1999-06-20,1999-06-14
1161,1999-06-13,1999-06-07
1162,1999-06-06,1999-05-31
1163,1999-05-30,1999-05-24
1164,1999-05-23,1999-05-17
1165,1999-05-16,1999-05-10
1166,1999-05-09,1999-05-03
1167,1999-05-02,1999-04-26
1168,1999-04-25,1999-04-19
1169,1999-04-18,1999-04-12
1170,1999-04-11,1999-04-05
1171,1999-04-04,1999-03-29
1172,1999-03-28,1999-03-22
1173,1999-03-21,1999-03-15
1174,1999-03-14,1999-03-08
1175,1999-03-07,1999-03-01
1176,1999-02-28,1999-02-22
1177,1999-02-21,1999-02-15
1178,1999-02-14,1999-02-08
1179,1999-02-07,1999-02-01
1180,1999-01-31,1999-01-25
1181,1999-01-24,1999-01-18
1182,1999-01-17,1999-01-11
1183,1999-01-10,1999-01-04
1184,1999-01-03,1998-12-28
1185,1998-12-27,1998-12-21
1186,1998-12-20,1998-12-14
1187,1998-12-13,1998-12-07
1188,1998-12-06,1998-11-30
1189,1998-11-29,1998-11-23
1190,1998-11-22,1998-11-16
1191,1998-11-15,1998-11-09
1192,1998-11-08,1998-11-02
1193,1998-11-01,1998-10-26
1194,1998-10-25,1998-10-19
1195,1998-10-18,1998-10-12
1196,1998-10-11,1998-10-05
1197,1998-10-04,1998-09-28
1198,1998-09-27,1998-09-21
1199,1998-09-20,1998-09-14
1200,1998-09-13,1998-09-07
1201,1998-09-06,1998-08-31
1202,1998-08-30,1998-08-24
1203,1998-08-23,1998-08-17
1204,1998-08-16,1998-08-10
1205,1998-08-09,1998-08-03
1206,1998-08-02,1998-07-27
1207,1998-07-26,1998-07-20
1208,1998-07-19,1998-07-13
1209,1998-07-12,1998-07-06
1210,1998-07-05,1998-06-29
1211,1998-06-28,1998-06-22
1212,1998-06-21,1998-06-15
1213,1998-06-14,1998-06-08
1214,1998-06-07,1998-06-01
1215,1998-05-31,1998-05-25
1216,1998-05-24,1998-05-18
1217,1998-05-17,1998-05-11
1218,1998-05-10,1998-05-04
1219,1998-05-03,1998-04-27
1220,1998-04-26,1998-04-20
1221,1998-04-19,1998-04-13
1222,1998-04-12,1998-04-06
1223,1998-04-05,1998-03-30
1224,1998-03-29,1998-03-23
1225,1998-03-22,1998-03-16
1226,1998-03-15,1998-03-09
1227,1998-03-08,1998-03-02
1228,1998-03-01,1998-02-23
1229,1998-02-22,1998-02-16
1230,1998-02-15,1998-02-09
1231,1998-02-08,1998-02-02
1232,1998-02-01,1998-01-26
1233,1998-01-25,1998-01-19
1234,1998-01-18,1998-01-12
1235,1998-01-11,1998-01-05
1236,1998-01-04,1997-12-29
1237,1997-12-28,1997-12-22
1238,1997-12-21,1997-12-15
1239,1997-12-14,1997-12-08
1240,1997-12-07,1997-12-01
1241,1997-11-30,1997-11-24
1242,1997-11-23,1997-11-17
1243,1997-11-16,1997-11-10
1244,1997-11-09,1997-11-03
1245,1997-11-02,1997-10-27
1246,1997-10-26,1997-10-20
1247,1997-10-19,1997-10-13
1248,1997-10-12,1997-10-06
1249,1997-10-05,1997-09-29
1250,1997-09-28,1997-09-22
1251,1997-09-21,1997-09-15
1252,1997-09-14,1997-09-08
1253,1997-09-07,1997-09-01
1254,1997-08-31,1997-08-25
1255,1997-08-24,1997-08-18
1256,1997-08-17,1997-08-11
1257,1997-08-10,1997-08-04
1258,1997-08-03,1997-07-28
1259,1997-07-27,1997-07-21
1260,1997-07-20,1997-07-14
1261,1997-07-13,1997-07-07
1262,1997-07-06,1997-06-30
1263,1997-06-29,1997-06-23
1264,1997-06-22,1997-06-16
1265,1997-06-15,1997-06-09
1266,1997-06-08,1997-06-02
1267,1997-06-01,1997-05-26
1268,1997-05-25,1997-05-19
1269,1997-05-18,1997-05-12
1270,1997-05-11,1997-05-05
1271,1997-05-04,1997-04-28
1272,1997-04-27,1997-04-21
1273,1997-04-20,1997-04-14
1274,1997-04-13,1997-04-07
1275,1997-04-06,1997-03-31
1276,1997-03-30,1997-03-24
1277,1997-03-23,1997-03-17
1278,1997-03-16,1997-03-10
1279,1997-03-09,1997-03-03
1280,1997-03-02,1997-02-24
1281,1997-02-23,1997-02-17
1282,1997-02-16,1997-02-10
1283,1997-02-09,1997-02-03
1284,1997-02-02,1997-01-27
1285,1997-01-26,1997-01-20
1286,1997-01-19,1997-01-13
1287,1997-01-12,1997-01-06
1288,1997-01-05,1996-12-30
1289,1996-12-29,1996-12-23
1290,1996-12-22,1996-12-16
1291,1996-12-15,1996-12-09
1292,1996-12-08,1996-12-02
1293,1996-12-01,1996-11-25
1294,1996-11-24,1996-11-18
1295,1996-11-17,1996-11-11
1296,1996-11-10,1996-11-04
1297,1996-11-03,1996-10-28
1298,1996-10-27,1996-10-21
1299,1996-10-20,1996-10-14
1300,1996-10-13,1996-10-07
1301,1996-10-06,1996-09-30
1302,1996-09-29,1996-09-23
1303,1996-09-22,1996-09-16
1304,1996-09-15,1996-09-09
1305,1996-09-08,1996-09-02
1306,1996-09-01,1996-08-26
1307,1996-08-25,1996-08-19
1308,1996-08-18,1996-08-12
1309,1996-08-11,1996-08-05
1310,1996-08-04,1996-07-29
1311,1996-07-28,1996-07-22
1312,1996-07-21,1996-07-15
1313,1996-07-14,1996-07-08
1314,1996-07-07,1996-07-01
1315,1996-06-30,1996-06-24
1316,1996-06-23,1996-06-17
1317,1996-06-16,1996-06-10
1318,1996-06-09,1996-06-03
1319,1996-06-02,1996-05-27
1320,1996-05-26,1996-05-20
1321,1996-05-19,1996-05-13
1322,1996-05-12,1996-05-06
1323,1996-05-05,1996-04-29
1324,1996-04-28,1996-04-22
1325,1996-04-21,1996-04-15
1326,1996-04-14,1996-04-08
1327,1996-04-07,1996-04-01
1328,1996-03-31,1996-03-25
1329,1996-03-24,1996-03-18
1330,1996-03-17,1996-03-11
1331,1996-03-10,1996-03-04
1332,1996-03-03,1996-02-26
1333,1996-02-25,1996-02-19
1334,1996-02-18,1996-02-12
1335,1996-02-11,1996-02-05
1336,1996-02-04,1996-01-29
1337,1996-01-28,1996-01-22
1338,1996-01-21,1996-01-15
1339,1996-01-14,1996-01-08
1340,1996-01-07,1996-01-01
1341,1995-12-31,1995-12-25
1342,1995-12-24,1995-12-18
1343,1995-12-17,1995-12-11
1344,1995-12-10,1995-12-04
1345,1995-12-03,1995-11-27
1346,1995-11-26,1995-11-20
1347,1995-11-19,1995-11-13
1348,1995-11-12,1995-11-06
1349,1995-11-05,1995-10-30
1350,1995-10-29,1995-10-23
1351,1995-10-22,1995-10-16
1352,1995-10-15,1995-10-09
1353,1995-10-08,1995-10-02
1354,1995-10-01,1995-09-25
1355,1995-09-24,1995-09-18
1356,1995-09-17,1995-09-11
1357,1995-09-10,1995-09-04
1358,1995-09-03,1995-08-28
1359,1995-08-27,1995-08-21
1360,1995-08-20,1995-08-14
1361,1995-08-13,1995-08-07
1362,1995-08-06,1995-07-31
1363,1995-07-30,1995-07-24
1364,1995-07-23,1995-07-17
1365,1995-07-16,1995-07-10
1366,1995-07-09,1995-07-03
1367,1995-07-02,1995-06-26
1368,1995-06-25,1995-06-19
1369,1995-06-18,1995-06-12
1370,1995-06-11,1995-06-05
1371,1995-06-04,1995-05-29
1372,1995-05-28,1995-05-22
1373,1995-05-21,1995-05-15
1374,1995-05-14,1995-05-08
1375,1995-05-07,1995-05-01
1376,1995-04-30,1995-04-24
1377,1995-04-23,1995-04-17
1378,1995-04-16,1995-04-10
1379,1995-04-09,1995-04-03
1380,1995-04-02,1995-03-27
1381,1995-03-26,1995-03-20
1382,1995-03-19,1995-03-13
1383,1995-03-12,1995-03-06
1384,1995-03-05,1995-02-27
1385,1995-02-26,1995-02-20
1386,1995-02-19,1995-02-13
1387,1995-02-12,1995-02-06
1388,1995-02-05,1995-01-30
1389,1995-01-29,1995-01-23
1390,1995-01-22,1995-01-16
1391,1995-01-15,1995-01-09
1392,1995-01-08,1995-01-02
1393,1995-01-01,1994-12-26
1394,1994-12-25,1994-12-19
1395,1994-12-18,1994-12-12
1396,1994-12-11,1994-12-05
1397,1994-12-04,1994-11-28
1398,1994-11-27,1994-11-21
1399,1994-11-20,1994-11-14
1400,1994-11-13,1994-11-07
1401,1994-11-06,1994-10-31
1402,1994-10-30,1994-10-24
1403,1994-10-23,1994-10-17
1404,1994-10-16,1994-10-10
1405,1994-10-09,1994-10-03
1406,1994-10-02,1994-09-26
1407,1994-09-25,1994-09-19
1408,1994-09-18,1994-09-12
1409,1994-09-11,1994-09-05
1410,1994-09-04,1994-08-29
1411,1994-08-28,1994-08-22
1412,1994-08-21,1994-08-15
1413,1994-08-14,1994-08-08
1414,1994-08-07,1994-08-01
1415,1994-07-31,1994-07-25
1416,1994-07-24,1994-07-18
1417,1994-07-17,1994-07-11
1418,1994-07-10,1994-07-04
1419,1994-07-03,1994-06-27
1420,1994-06-26,1994-06-20
1421,1994-06-19,1994-06-13
1422,1994-06-12,1994-06-06
1423,1994-06-05,1994-05-30
1424,1994-05-29,1994-05-23
1425,1994-05-22,1994-05-16
1426,1994-05-15,1994-05-09
1427,1994-05-08,1994-05-02
1428,1994-05-01,1994-04-25
1429,1994-04-24,1994-04-18
1430,1994-04-17,1994-04-11
1431,1994-04-10,1994-04-04
1432,1994-04-03,1994-03-28
1433,1994-03-27,1994-03-21
1434,1994-03-20,1994-03-14
1435,1994-03-13,1994-03-07
1436,1994-03-06,1994-02-28
1437,1994-02-27,1994-02-21
1438,1994-02-20,1994-02-14
1439,1994-02-13,1994-02-07
1440,1994-02-06,1994-01-31
1441,1994-01-30,1994-01-24
1442,1994-01-23,1994-01-17
1443,1994-01-16,1994-01-10
1444,1994-01-09,1994-01-03
1445,1994-01-02,1993-12-27
1446,1993-12-26,1993-12-20
1447,1993-12-19,1993-12-13
1448,1993-12-12,1993-12-06
1449,1993-12-05,1993-11-29
1450,1993-11-28,1993-11-22
1451,1993-11-21,1993-11-15
1452,1993-11-14,1993-11-08
1453,1993-11-07,1993-11-01
1454,1993-10-31,1993-10-25
1455,1993-10-24,1993-10-18
1456,1993-10-17,1993-10-11
1457,1993-10-10,1993-10-04
1458,1993-10-03,1993-09-27
1459,1993-09-26,1993-09-20
1460,1993-09-19,1993-09-13
1461,1993-09-12,1993-09-06
1462,1993-09-05,1993-08-30
1463,1993-08-29,1993-08-23
1464,1993-08-22,1993-08-16
1465,1993-08-15,1993-08-09
1466,1993-08-08,1993-08-02
1467,1993-08-01,1993-07-26
1468,1993-07-25,1993-07-19
1469,1993-07-18,1993-07-12
1470,1993-07-11,1993-07-05
1471,1993-07-04,1993-06-28
1472,1993-06-27,1993-06-21
1473,1993-06-20,1993-06-14
1474,1993-06-13,1993-06-07
1475,1993-06-06,1993-05-31
1476,1993-05-30,1993-05-24
1477,1993-05-23,1993-05-17
1478,1993-05-16,1993-05-10
1479,1993-05-09,1993-05-03
1480,1993-05-02,1993-04-26
1481,1993-04-25,1993-04-19
1482,1993-04-18,1993-04-12
1483,1993-04-11,1993-04-05
1484,1993-04-04,1993-03-29
1485,1993-03-28,1993-03-22
1486,1993-03-21,1993-03-15
1487,1993-03-14,1993-03-08
1488,1993-03-07,1993-03-01
1489,1993-02-28,1993-02-22
1490,1993-02-21,1993-02-15
1491,1993-02-14,1993-02-08
1492,1993-02-07,1993-02-01
1493,1993-01-31,1993-01-25
1494,1993-01-24,1993-01-18
1495,1993-01-17,1993-01-11
1496,1993-01-10,1993-01-04
1497,1993-01-03,1992-12-28
1498,1992-12-27,1992-12-21
1499,1992-12-20,1992-12-14
1500,1992-12-13,1992-12-07
1501,1992-12-06,1992-11-30
1502,1992-11-29,1992-11-23
1503,1992-11-22,1992-11-16
1504,1992-11-15,1992-11-09
1505,1992-11-08,1992-11-02
1506,1992-11-01,1992-10-26
1507,1992-10-25,1992-10-19
1508,1992-10-18,1992-10-12
1509,1992-10-11,1992-10-05
1510,1992-10-04,1992-09-28
1511,1992-09-27,1992-09-21
1512,1992-09-20,1992-09-14
1513,1992-09-13,1992-09-07
1514,1992-09-06,1992-08-31
1515,1992-08-30,1992-08-24
1516,1992-08-23,1992-08-17
1517,1992-08-16,1992-08-10
1518,1992-08-09,1992-08-03
1519,1992-08-02,1992-07-27
1520,1992-07-26,1992-07-20
1521,1992-07-19,1992-07-13
1522,1992-07-12,1992-07-06
1523,1992-07-05,1992-06-29
1524,1992-06-28,1992-06-22
1525,1992-06-21,1992-06-15
1526,1992-06-14,1992-06-08
1527,1992-06-07,1992-06-01
1528,1992-05-31,1992-05-25
1529,1992-05-24,1992-05-18
1530,1992-05-17,1992-05-11
1531,1992-05-10,1992-05-04
1532,1992-05-03,1992-04-27
1533,1992-04-26,1992-04-20
1534,1992-04-19,1992-04-13
1535,1992-04-12,1992-04-06
1536,1992-04-05,1992-03-30
1537,1992-03-29,1992-03-23
1538,1992-03-22,1992-03-16
1539,1992-03-15,1992-03-09
1540,1992-03-08,1992-03-02
1541,1992-03-01,1992-02-24
1542,1992-02-23,1992-02-17
1543,1992-02-16,1992-02-10
1544,1992-02-09,1992-02-03
1545,1992-02-02,1992-01-27
1546,1992-01-26,1992-01-20
1547,1992-01-19,1992-01-13
1548,1992-01-12,1992-01-06
1549,1992-01-05,1991-12-30
1550,1991-12-29,1991-12-23
1551,1991-12-22,1991-12-16
1552,1991-12-15,1991-12-09
1553,1991-12-08,1991-12-02
1554,1991-12-01,1991-11-25
1555,1991-11-24,1991-11-18
1556,1991-11-17,1991-11-11
1557,1991-11-10,1991-11-04
1558,1991-11-03,1991-10-28
1559,1991-10-27,1991-10-21
1560,1991-10-20,1991-10-14
1561,1991-10-13,1991-10-07
1562,1991-10-06,1991-09-30
1563,1991-09-29,1991-09-23
1564,1991-09-22,1991-09-16
1565,1991-09-15,1991-09-09
1566,1991-09-08,1991-09-02
1567,1991-09-01,1991-08-26
1568,1991-08-25,1991-08-19
1569,1991-08-18,1991-08-12
1570,1991-08-11,1991-08-05
1571,1991-08-04,1991-07-29
1572,1991-07-28,1991-07-22
1573,1991-07-21,1991-07-15
1574,1991-07-14,1991-07-08
1575,1991-07-07,1991-07-01
1576,1991-06-30,1991-06-24
1577,1991-06-23,1991-06-17
1578,1991-06-16,1991-06-10
1579,1991-06-09,1991-06-03
1580,1991-06-02,1991-05-27
1581,1991-05-26,1991-05-20
1582,1991-05-19,1991-05-13
1583,1991-05-12,1991-05-06
1584,1991-05-05,1991-04-29
1585,1991-04-28,1991-04-22
1586,1991-04-21,1991-04-15
1587,1991-04-14,1991-04-08
1588,1991-04-07,1991-04-01
1589,1991-03-31,1991-03-25
1590,1991-03-24,1991-03-18
1591,1991-03-17,1991-03-11
1592,1991-03-10,1991-03-04
1593,1991-03-03,1991-02-25
1594,1991-02-24,1991-02-18
1595,1991-02-17,1991-02-11
1596,1991-02-10,1991-02-04
1597,1991-02-03,1991-01-28
1598,1991-01-27,1991-01-21
1599,1991-01-20,1991-01-14
1600,1991-01-13,1991-01-07
1601,1991-01-06,1990-12-31
1602,1990-12-30,1990-12-24
1603,1990-12-23,1990-12-17
1604,1990-12-16,1990-12-10
1605,1990-12-09,1990-12-03
1606,1990-12-02,1990-11-26
1607,1990-11-25,1990-11-19
1608,1990-11-18,1990-11-12
1609,1990-11-11,1990-11-05
1610,1990-11-04,1990-10-29
1611,1990-10-28,1990-10-22
1612,1990-10-21,1990-10-15
1613,1990-10-14,1990-10-08
1614,1990-10-07,1990-10-01
1615,1990-09-30,1990-09-24
1616,1990-09-23,1990-09-17
1617,1990-09-16,1990-09-10
1618,1990-09-09,1990-09-03
1619,1990-09-02,1990-08-27
1620,1990-08-26,1990-08-20
1621,1990-08-19,1990-08-13
1622,1990-08-12,1990-08-06
1623,1990-08-05,1990-07-30
1624,1990-07-29,1990-07-23
1625,1990-07-22,1990-07-16
1626,1990-07-15,1990-07-09
1627,1990-07-08,1990-07-02
1628,1990-07-01,1990-06-25
1629,1990-06-24,1990-06-18
1630,1990-06-17,1990-06-11
1631,1990-06-10,1990-06-04
1632,1990-06-03,1990-05-28
1633,1990-05-27,1990-05-21
1634,1990-05-20,1990-05-14
1635,1990-05-13,1990-05-07
1636,1990-05-06,1990-04-30
1637,1990-04-29,1990-04-23
1638,1990-04-22,1990-04-16
1639,1990-04-15,1990-04-09
1640,1990-04-08,1990-04-02
1641,1990-04-01,1990-03-26
1642,1990-03-25,1990-03-19
1643,1990-03-18,1990-03-12
1644,1990-03-11,1990-03-05
1645,1990-03-04,1990-02-26
1646,1990-02-25,1990-02-19
1647,1990-02-18,1990-02-12
1648,1990-02-11,1990-02-05
1649,1990-02-04,1990-01-29
1650,1990-01-28,1990-01-22
1651,1990-01-21,1990-01-15
1652,1990-01-14,1990-01-08
1653,1990-01-07,1990-01-01
1654,1989-12-31,1989-12-25
1655,1989-12-24,1989-12-18
1656,1989-12-17,1989-12-11
1657,1989-12-10,1989-12-04
1658,1989-12-03,1989-11-27
1659,1989-11-26,1989-11-20
1660,1989-11-19,1989-11-13
1661,1989-11-12,1989-11-06
1662,1989-11-05,1989-10-30
1663,1989-10-29,1989-10-23
1664,1989-10-22,1989-10-16
1665,1989-10-15,1989-10-09
1666,1989-10-08,1989-10-02
1667,1989-10-01,1989-09-25
1668,1989-09-24,1989-09-18
1669,1989-09-17,1989-09-11
1670,1989-09-10,1989-09-04
1671,1989-09-03,1989-08-28
1672,1989-08-27,1989-08-21
1673,1989-08-20,1989-08-14
1674,1989-08-13,1989-08-07
1675,1989-08-06,1989-07-31
1676,1989-07-30,1989-07-24
1677,1989-07-23,1989-07-17
1678,1989-07-16,1989-07-10
1679,1989-07-09,1989-07-03
1680,1989-07-02,1989-06-26
1681,1989-06-25,1989-06-19
1682,1989-06-18,1989-06-12
1683,1989-06-11,1989-06-05
1684,1989-06-04,1989-05-29
1685,1989-05-28,1989-05-22
1686,1989-05-21,1989-05-15
1687,1989-05-14,1989-05-08
1688,1989-05-07,1989-05-01
1689,1989-04-30,1989-04-24
1690,1989-04-23,1989-04-17
1691,1989-04-16,1989-04-10
1692,1989-04-09,1989-04-03
1693,1989-04-02,1989-03-27
1694,1989-03-26,1989-03-20
1695,1989-03-19,1989-03-13
1696,1989-03-12,1989-03-06
1697,1989-03-05,1989-02-27
1698,1989-02-26,1989-02-20
1699,1989-02-19,1989-02-13
1700,1989-02-12,1989-02-06
1701,1989-02-05,1989-01-30
1702,1989-01-29,1989-01-23
1703,1989-01-22,1989-01-16
1704,1989-01-15,1989-01-09
1705,1989-01-08,1989-01-02
1706,1989-01-01,1988-12-26
1707,1988-12-25,1988-12-19
1708,1988-12-18,1988-12-12
1709,1988-12-11,1988-12-05
1710,1988-12-04,1988-11-28
1711,1988-11-27,1988-11-21
1712,1988-11-20,1988-11-14
1713,1988-11-13,1988-11-07
1714,1988-11-06,1988-10-31
1715,1988-10-30,1988-10-24
1716,1988-10-23,1988-10-17
1717,1988-10-16,1988-10-10
1718,1988-10-09,1988-10-03
1719,1988-10-02,1988-09-26
1720,1988-09-25,1988-09-19
1721,1988-09-18,1988-09-12
1722,1988-09-11,1988-09-05
1723,1988-09-04,1988-08-29
1724,1988-08-28,1988-08-22
1725,1988-08-21,1988-08-15
1726,1988-08-14,1988-08-08
1727,1988-08-07,1988-08-01
1728,1988-07-31,1988-07-25
1729,1988-07-24,1988-07-18
1730,1988-07-17,1988-07-11
1731,1988-07-10,1988-07-04
1732,1988-07-03,1988-06-27
1733,1988-06-26,1988-06-20
1734,1988-06-19,1988-06-13
1735,1988-06-12,1988-06-06
1736,1988-06-05,1988-05-30
1737,1988-05-29,1988-05-23
1738,1988-05-22,1988-05-16
1739,1988-05-15,1988-05-09
1740,1988-05-08,1988-05-02
1741,1988-05-01,1988-04-25
1742,1988-04-24,1988-04-18
1743,1988-04-17,1988-04-11
1744,1988-04-10,1988-04-04
1745,1988-04-03,1988-03-28
1746,1988-03-27,1988-03-21
1747,1988-03-20,1988-03-14
1748,1988-03-13,1988-03-07
1749,1988-03-06,1988-02-29
1750,1988-02-28,1988-02-22
1751,1988-02-21,1988-02-15
1752,1988-02-14,1988-02-08
1753,1988-02-07,1988-02-01
1754,1988-01-31,1988-01-25
1755,1988-01-24,1988-01-18
1756,1988-01-17,1988-01-11
1757,1988-01-10,1988-01-04
1758,1988-01-03,1987-12-28
1759,1987-12-27,1987-12-21
1760,1987-12-20,1987-12-14
1761,1987-12-13,1987-12-07
1762,1987-12-06,1987-11-30
1763,1987-11-29,1987-11-23
1764,1987-11-22,1987-11-16
1765,1987-11-15,1987-11-09
1766,1987-11-08,1987-11-02
1767,1987-11-01,1987-10-26
1768,1987-10-25,1987-10-19
1769,1987-10-18,1987-10-12
1770,1987-10-11,1987-10-05
1771,1987-10-04,1987-09-28
1772,1987-09-27,1987-09-21
1773,1987-09-20,1987-09-14
1774,1987-09-13,1987-09-07
1775,1987-09-06,1987-08-31
1776,1987-08-30,1987-08-24
1777,1987-08-23,1987-08-17
1778,1987-08-16,1987-08-10
1779,1987-08-09,1987-08-03
1780,1987-08-02,1987-07-27
1781,1987-07-26,1987-07-20
1782,1987-07-19,1987-07-13
1783,1987-07-12,1987-07-06
1784,1987-07-05,1987-06-29
1785,1987-06-28,1987-06-22
1786,1987-06-21,1987-06-15
1787,1987-06-14,1987-06-08
1788,1987-06-07,1987-06-01
1789,1987-05-31,1987-05-25
1790,1987-05-24,1987-05-18
1791,1987-05-17,1987-05-11
1792,1987-05-10,1987-05-04
1793,1987-05-03,1987-04-27
1794,1987-04-26,1987-04-20
1795,1987-04-19,1987-04-13
1796,1987-04-12,1987-04-06
1797,1987-04-05,1987-03-30
1798,1987-03-29,1987-03-23
1799,1987-03-22,1987-03-16
1800,1987-03-15,1987-03-09
1801,1987-03-08,1987-03-02
1802,1987-03-01,1987-02-23
1803,1987-02-22,1987-02-16
1804,1987-02-15,1987-02-09
1805,1987-02-08,1987-02-02
1806,1987-02-01,1987-01-26
1807,1987-01-25,1987-01-19
1808,1987-01-18,1987-01-12
1809,1987-01-11,1987-01-05
1810,1987-01-04,1986-12-29
1811,1986-12-28,1986-12-22
1812,1986-12-21,1986-12-15
1813,1986-12-14,1986-12-08
1814,1986-12-07,1986-12-01
1815,1986-11-30,1986-11-24
1816,1986-11-23,1986-11-17
1817,1986-11-16,1986-11-10
1818,1986-11-09,1986-11-03
1819,1986-11-02,1986-10-27
1820,1986-10-26,1986-10-20
1821,1986-10-19,1986-10-13
1822,1986-10-12,1986-10-06
1823,1986-10-05,1986-09-29
1824,1986-09-28,1986-09-22
1825,1986-09-21,1986-09-15
1826,1986-09-14,1986-09-08
1827,1986-09-07,1986-09-01
1828,1986-08-31,1986-08-25
1829,1986-08-24,1986-08-18
1830,1986-08-17,1986-08-11
1831,1986-08-10,1986-08-04
1832,1986-08-03,1986-07-28
1833,1986-07-27,1986-07-21
1834,1986-07-20,1986-07-14
1835,1986-07-13,1986-07-07
1836,1986-07-06,1986-06-30
1837,1986-06-29,1986-06-23
1838,1986-06-22,1986-06-16
1839,1986-06-15,1986-06-09
1840,1986-06-08,1986-06-02
1841,1986-06-01,1986-05-26
1842,1986-05-25,1986-05-19
1843,1986-05-18,1986-05-12
1844,1986-05-11,1986-05-05
1845,1986-05-04,1986-04-28
1846,1986-04-27,1986-04-21
1847,1986-04-20,1986-04-14
1848,1986-04-13,1986-04-07
1849,1986-04-06,1986-03-31
1850,1986-03-30,1986-03-24
1851,1986-03-23,1986-03-17
1852,1986-03-16,1986-03-10
1853,1986-03-09,1986-03-03
1854,1986-03-02,1986-02-24
1855,1986-02-23,1986-02-17
1856,1986-02-16,1986-02-10
1857,1986-02-09,1986-02-03
1858,1986-02-02,1986-01-27
1859,1986-01-26,1986-01-20
1860,1986-01-19,1986-01-13
1861,1986-01-12,1986-01-06
1862,1986-01-05,1985-12-30
1863,1985-12-29,1985-12-23
1864,1985-12-22,1985-12-16
1865,1985-12-15,1985-12-09
1866,1985-12-08,1985-12-02
1867,1985-12-01,1985-11-25
1868,1985-11-24,1985-11-18
1869,1985-11-17,1985-11-11
1870,1985-11-10,1985-11-04
1871,1985-11-03,1985-10-28
1872,1985-10-27,1985-10-21
1873,1985-10-20,1985-10-14
1874,1985-10-13,1985-10-07
1875,1985-10-06,1985-09-30
1876,1985-09-29,1985-09-23
1877,1985-09-22,1985-09-16
1878,1985-09-15,1985-09-09
1879,1985-09-08,1985-09-02
1880,1985-09-01,1985-08-26
1881,1985-08-25,1985-08-19
1882,1985-08-18,1985-08-12
1883,1985-08-11,1985-08-05
1884,1985-08-04,1985-07-29
1885,1985-07-28,1985-07-22
1886,1985-07-21,1985-07-15
1887,1985-07-14,1985-07-08
1888,1985-07-07,1985-07-01
1889,1985-06-30,1985-06-24
1890,1985-06-23,1985-06-17
1891,1985-06-16,1985-06-10
1892,1985-06-09,1985-06-03
1893,1985-06-02,1985-05-27
1894,1985-05-26,1985-05-20
1895,1985-05-19,1985-05-13
1896,1985-05-12,1985-05-06
1897,1985-05-05,1985-04-29
1898,1985-04-28,1985-04-22
1899,1985-04-21,1985-04-15
1900,1985-04-14,1985-04-08
1901,1985-04-07,1985-04-01
1902,1985-03-31,1985-03-25
1903,1985-03-24,1985-03-18
1904,1985-03-17,1985-03-11
1905,1985-03-10,1985-03-04
1906,1985-03-03,1985-02-25
1907,1985-02-24,1985-02-18
1908,1985-02-17,1985-02-11
1909,1985-02-10,1985-02-04
1910,1985-02-03,1985-01-28
1911,1985-01-27,1985-01-21
1912,1985-01-20,1985-01-14
1913,1985-01-13,1985-01-07
1914,1985-01-06,1984-12-31
1915,1984-12-30,1984-12-24
1916,1984-12-23,1984-12-17
1917,1984-12-16,1984-12-10
1918,1984-12-09,1984-12-03
1919,1984-12-02,1984-11-26
1920,1984-11-25,1984-11-19
1921,1984-11-18,1984-11-12
1922,1984-11-11,1984-11-05
1923,1984-11-04,1984-10-29
1924,1984-10-28,1984-10-22
1925,1984-10-21,1984-10-15
1926,1984-10-14,1984-10-08
1927,1984-10-07,1984-10-01
1928,1984-09-30,1984-09-24
1929,1984-09-23,1984-09-17
1930,1984-09-16,1984-09-10
1931,1984-09-09,1984-09-03
1932,1984-09-02,1984-08-27
1933,1984-08-26,1984-08-20
1934,1984-08-19,1984-08-13
1935,1984-08-12,1984-08-06
1936,1984-08-05,1984-07-30
1937,1984-07-29,1984-07-23
1938,1984-07-22,1984-07-16
1939,1984-07-15,1984-07-09
1940,1984-07-08,1984-07-02
1941,1984-07-01,1984-06-25
1942,1984-06-24,1984-06-18
1943,1984-06-17,1984-06-11
1944,1984-06-10,1984-06-04
1945,1984-06-03,1984-05-28
1946,1984-05-27,1984-05-21
1947,1984-05-20,1984-05-14
1948,1984-05-13,1984-05-07
1949,1984-05-06,1984-04-30
1950,1984-04-29,1984-04-23
1951,1984-04-22,1984-04-16
1952,1984-04-15,1984-04-09
1953,1984-04-08,1984-04-02
1954,1984-04-01,1984-03-26
1955,1984-03-25,1984-03-19
1956,1984-03-18,1984-03-12
1957,1984-03-11,1984-03-05
1958,1984-03-04,1984-02-27
1959,1984-02-26,1984-02-20
1960,1984-02-19,1984-02-13
1961,1984-02-12,1984-02-06
1962,1984-02-05,1984-01-30
1963,1984-01-29,1984-01-23
1964,1984-01-22,1984-01-16
1965,1984-01-15,1984-01-09
1966,1984-01-08,1984-01-02
1967,1984-01-01,1983-12-26
1968,1983-12-25,1983-12-19
1969,1983-12-18,1983-12-12
1970,1983-12-11,1983-12-05
1971,1983-12-04,1983-11-28
1972,1983-11-27,1983-11-21
1973,1983-11-20,1983-11-14
1974,1983-11-13,1983-11-07
1975,1983-11-06,1983-10-31
1976,1983-10-30,1983-10-24
1977,1983-10-23,1983-10-17
1978,1983-10-16,1983-10-10
1979,1983-10-09,1983-10-03
1980,1983-10-02,1983-09-26
1981,1983-09-25,1983-09-19
1982,1983-09-18,1983-09-12
1983,1983-09-11,1983-09-05
1984,1983-09-04,1983-08-29
1985,1983-08-28,1983-08-22
1986,1983-08-21,1983-08-15
1987,1983-08-14,1983-08-08
1988,1983-08-07,1983-08-01
1989,1983-07-31,1983-07-25
1990,1983-07-24,1983-07-18
1991,1983-07-17,1983-07-11
1992,1983-07-10,1983-07-04
1993,1983-07-03,1983-06-27
1994,1983-06-26,1983-06-20
1995,1983-06-19,1983-06-13
1996,1983-06-12,1983-06-06
1997,1983-06-05,1983-05-30
1998,1983-05-29,1983-05-23
1999,1983-05-22,1983-05-16
2000,1983-05-15,1983-05-09
2001,1983-05-08,1983-05-02
2002,1983-05-01,1983-04-25
2003,1983-04-24,1983-04-18
2004,1983-04-17,1983-04-11
2005,1983-04-10,1983-04-04
2006,1983-04-03,1983-03-28
2007,1983-03-27,1983-03-21
2008,1983-03-20,1983-03-14
2009,1983-03-13,1983-03-07
2010,1983-03-06,1983-02-28
2011,1983-02-27,1983-02-21
2012,1983-02-20,1983-02-14
2013,1983-02-13,1983-02-07
2014,1983-02-06,1983-01-31
2015,1983-01-30,1983-01-24
2016,1983-01-23,1983-01-17
2017,1983-01-16,1983-01-10
2018,1983-01-09,1983-01-03
2019,1983-01-02,1982-12-27
2020,1982-12-26,1982-12-20
2021,1982-12-19,1982-12-13
2022,1982-12-12,1982-12-06
2023,1982-12-05,1982-11-29
2024,1982-11-28,1982-11-22
2025,1982-11-21,1982-11-15
2026,1982-11-14,1982-11-08
2027,1982-11-07,1982-11-01
2028,1982-10-31,1982-10-25
2029,1982-10-24,1982-10-18
2030,1982-10-17,1982-10-11
2031,1982-10-10,1982-10-04
2032,1982-10-03,1982-09-27
2033,1982-09-26,1982-09-20
2034,1982-09-19,1982-09-13
2035,1982-09-12,1982-09-06
2036,1982-09-05,1982-08-30
2037,1982-08-29,1982-08-23
2038,1982-08-22,1982-08-16
2039,1982-08-15,1982-08-09
2040,1982-08-08,1982-08-02
2041,1982-08-01,1982-07-26
2042,1982-07-25,1982-07-19
2043,1982-07-18,1982-07-12
2044,1982-07-11,1982-07-05
2045,1982-07-04,1982-06-28
2046,1982-06-27,1982-06-21
2047,1982-06-20,1982-06-14
2048,1982-06-13,1982-06-07
2049,1982-06-06,1982-05-31
2050,1982-05-30,1982-05-24
2051,1982-05-23,1982-05-17
2052,1982-05-16,1982-05-10
2053,1982-05-09,1982-05-03
2054,1982-05-02,1982-04-26
2055,1982-04-25,1982-04-19
2056,1982-04-18,1982-04-12
2057,1982-04-11,1982-04-05
2058,1982-04-04,1982-03-29
2059,1982-03-28,1982-03-22
2060,1982-03-21,1982-03-15
2061,1982-03-14,1982-03-08
2062,1982-03-07,1982-03-01
2063,1982-02-28,1982-02-22
2064,1982-02-21,1982-02-15
2065,1982-02-14,1982-02-08
2066,1982-02-07,1982-02-01
2067,1982-01-31,1982-01-25
2068,1982-01-24,1982-01-18
2069,1982-01-17,1982-01-11
2070,1982-01-10,1982-01-04
2071,1982-01-03,1981-12-28
2072,1981-12-27,1981-12-21
2073,1981-12-20,1981-12-14
2074,1981-12-13,1981-12-07
2075,1981-12-06,1981-11-30
2076,1981-11-29,1981-11-23
2077,1981-11-22,1981-11-16
2078,1981-11-15,1981-11-09
2079,1981-11-08,1981-11-02
2080,1981-11-01,1981-10-26
2081,1981-10-25,1981-10-19
2082,1981-10-18,1981-10-12
2083,1981-10-11,1981-10-05
2084,1981-10-04,1981-09-28
2085,1981-09-27,1981-09-21
2086,1981-09-20,1981-09-14
2087,1981-09-13,1981-09-07
2088,1981-09-06,1981-08-31
2089,1981-08-30,1981-08-24
2090,1981-08-23,1981-08-17
2091,1981-08-16,1981-08-10
2092,1981-08-09,1981-08-03
2093,1981-08-02,1981-07-27
2094,1981-07-26,1981-07-20
2095,1981-07-19,1981-07-13
2096,1981-07-12,1981-07-06
2097,1981-07-05,1981-06-29
2098,1981-06-28,1981-06-22
2099,1981-06-21,1981-06-15
2100,1981-06-14,1981-06-08
2101,1981-06-07,1981-06-01
2102,1981-05-31,1981-05-25
2103,1981-05-24,1981-05-18
2104,1981-05-17,1981-05-11
2105,1981-05-10,1981-05-04
2106,1981-05-03,1981-04-27
2107,1981-04-26,1981-04-20
2108,1981-04-19,1981-04-13
2109,1981-04-12,1981-04-06
2110,1981-04-05,1981-03-30
2111,1981-03-29,1981-03-23
2112,1981-03-22,1981-03-16
2113,1981-03-15,1981-03-09
2114,1981-03-08,1981-03-02
2115,1981-03-01,1981-02-23
2116,1981-02-22,1981-02-16
2117,1981-02-15,1981-02-09
2118,1981-02-08,1981-02-02
2119,1981-02-01,1981-01-26
2120,1981-01-25,1981-01-19
2121,1981-01-18,1981-01-12
2122,1981-01-11,1981-01-05
2123,1981-01-04,1980-12-29
2124,1980-12-28,1980-12-22
2125,1980-12-21,1980-12-15
2126,1980-12-14,1980-12-08
2127,1980-12-07,1980-12-01
2128,1980-11-30,1980-11-24
2129,1980-11-23,1980-11-17
2130,1980-11-16,1980-11-10
2131,1980-11-09,1980-11-03
2132,1980-11-02,1980-10-27
2133,1980-10-26,1980-10-20
2134,1980-10-19,1980-10-13
2135,1980-10-12,1980-10-06
2136,1980-10-05,1980-09-29
2137,1980-09-28,1980-09-22
2138,1980-09-21,1980-09-15
2139,1980-09-14,1980-09-08
2140,1980-09-07,1980-09-01
2141,1980-08-31,1980-08-25
2142,1980-08-24,1980-08-18
2143,1980-08-17,1980-08-11
2144,1980-08-10,1980-08-04
2145,1980-08-03,1980-07-28
2146,1980-07-27,1980-07-21
2147,1980-07-20,1980-07-14
2148,1980-07-13,1980-07-07
2149,1980-07-06,1980-06-30
2150,1980-06-29,1980-06-23
2151,1980-06-22,1980-06-16
2152,1980-06-15,1980-06-09
2153,1980-06-08,1980-06-02
2154,1980-06-01,1980-05-26
2155,1980-05-25,1980-05-19
2156,1980-05-18,1980-05-12
2157,1980-05-11,1980-05-05
2158,1980-05-04,1980-04-28
2159,1980-04-27,1980-04-21
2160,1980-04-20,1980-04-14
2161,1980-04-13,1980-04-07
2162,1980-04-06,1980-03-31
2163,1980-03-30,1980-03-24
2164,1980-03-23,1980-03-17
2165,1980-03-16,1980-03-10
2166,1980-03-09,1980-03-03
2167,1980-03-02,1980-02-25
2168,1980-02-24,1980-02-18
2169,1980-02-17,1980-02-11
2170,1980-02-10,1980-02-04
2171,1980-02-03,1980-01-28
2172,1980-01-27,1980-01-21
2173,1980-01-20,1980-01-14
2174,1980-01-13,1980-01-07
2175,1980-01-06,1979-12-31
2176,1979-12-30,1979-12-24
2177,1979-12-23,1979-12-17
2178,1979-12-16,1979-12-10
2179,1979-12-09,1979-12-03
2180,1979-12-02,1979-11-26
2181,1979-11-25,1979-11-19
2182,1979-11-18,1979-11-12
2183,1979-11-11,1979-11-05
2184,1979-11-04,1979-10-29
2185,1979-10-28,1979-10-22
2186,1979-10-21,1979-10-15
2187,1979-10-14,1979-10-08
2188,1979-10-07,1979-10-01
2189,1979-09-30,1979-09-24
2190,1979-09-23,1979-09-17
2191,1979-09-16,1979-09-10
2192,1979-09-09,1979-09-03
2193,1979-09-02,1979-08-27
2194,1979-08-26,1979-08-20
2195,1979-08-19,1979-08-13
2196,1979-08-12,1979-08-06
2197,1979-08-05,1979-07-30
2198,1979-07-29,1979-07-23
2199,1979-07-22,1979-07-16
2200,1979-07-15,1979-07-09
2201,1979-07-08,1979-07-02
2202,1979-07-01,1979-06-25
2203,1979-06-24,1979-06-18
2204,1979-06-17,1979-06-11
2205,1979-06-10,1979-06-04
2206,1979-06-03,1979-05-28
2207,1979-05-27,1979-05-21
2208,1979-05-20,1979-05-14
2209,1979-05-13,1979-05-07
2210,1979-05-06,1979-04-30
2211,1979-04-29,1979-04-23
2212,1979-04-22,1979-04-16
2213,1979-04-15,1979-04-09
2214,1979-04-08,1979-04-02
2215,1979-04-01,1979-03-26
2216,1979-03-25,1979-03-19
2217,1979-03-18,1979-03-12
2218,1979-03-11,1979-03-05
2219,1979-03-04,1979-02-26
2220,1979-02-25,1979-02-19
2221,1979-02-18,1979-02-12
2222,1979-02-11,1979-02-05
2223,1979-02-04,1979-01-29
2224,1979-01-28,1979-01-22
2225,1979-01-21,1979-01-15
2226,1979-01-14,1979-01-08
2227,1979-01-07,1979-01-01
2228,1978-12-31,1978-12-25
2229,1978-12-24,1978-12-18
2230,1978-12-17,1978-12-11
2231,1978-12-10,1978-12-04
2232,1978-12-03,1978-11-27
2233,1978-11-26,1978-11-20
2234,1978-11-19,1978-11-13
2235,1978-11-12,1978-11-06
2236,1978-11-05,1978-10-30
2237,1978-10-29,1978-10-23
2238,1978-10-22,1978-10-16
2239,1978-10-15,1978-10-09
2240,1978-10-08,1978-10-02
2241,1978-10-01,1978-09-25
2242,1978-09-24,1978-09-18
2243,1978-09-17,1978-09-11
2244,1978-09-10,1978-09-04
2245,1978-09-03,1978-08-28
2246,1978-08-27,1978-08-21
2247,1978-08-20,1978-08-14
2248,1978-08-13,1978-08-07
2249,1978-08-06,1978-07-31
2250,1978-07-30,1978-07-24
2251,1978-07-23,1978-07-17
2252,1978-07-16,1978-07-10
2253,1978-07-09,1978-07-03
2254,1978-07-02,1978-06-26
2255,1978-06-25,1978-06-19
2256,1978-06-18,1978-06-12
2257,1978-06-11,1978-06-05
2258,1978-06-04,1978-05-29
2259,1978-05-28,1978-05-22
2260,1978-05-21,1978-05-15
2261,1978-05-14,1978-05-08
2262,1978-05-07,1978-05-01
2263,1978-04-30,1978-04-24
2264,1978-04-23,1978-04-17
2265,1978-04-16,1978-04-10
2266,1978-04-09,1978-04-03
2267,1978-04-02,1978-03-27
2268,1978-03-26,1978-03-20
2269,1978-03-19,1978-03-13
2270,1978-03-12,1978-03-06
2271,1978-03-05,1978-02-27
2272,1978-02-26,1978-02-20
2273,1978-02-19,1978-02-13
2274,1978-02-12,1978-02-06
2275,1978-02-05,1978-01-30
2276,1978-01-29,1978-01-23
2277,1978-01-22,1978-01-16
2278,1978-01-15,1978-01-09
2279,1978-01-08,1978-01-02
2280,1978-01-01,1977-12-26
2281,1977-12-25,1977-12-19
2282,1977-12-18,1977-12-12
2283,1977-12-11,1977-12-05
2284,1977-12-04,1977-11-28
2285,1977-11-27,1977-11-21
2286,1977-11-20,1977-11-14
2287,1977-11-13,1977-11-07
2288,1977-11-06,1977-10-31
2289,1977-10-30,1977-10-24
2290,1977-10-23,1977-10-17
2291,1977-10-16,1977-10-10
2292,1977-10-09,1977-10-03
2293,1977-10-02,1977-09-26
2294,1977-09-25,1977-09-19
2295,1977-09-18,1977-09-12
2296,1977-09-11,1977-09-05
2297,1977-09-04,1977-08-29
2298,1977-08-28,1977-08-22
2299,1977-08-21,1977-08-15
2300,1977-08-14,1977-08-08
2301,1977-08-07,1977-08-01
2302,1977-07-31,1977-07-25
2303,1977-07-24,1977-07-18
2304,1977-07-17,1977-07-11
2305,1977-07-10,1977-07-04
2306,1977-07-03,1977-06-27
2307,1977-06-26,1977-06-20
2308,1977-06-19,1977-06-13
2309,1977-06-12,1977-06-06
2310,1977-06-05,1977-05-30
2311,1977-05-29,1977-05-23
2312,1977-05-22,1977-05-16
2313,1977-05-15,1977-05-09
2314,1977-05-08,1977-05-02
2315,1977-05-01,1977-04-25
2316,1977-04-24,1977-04-18
2317,1977-04-17,1977-04-11
2318,1977-04-10,1977-04-04
2319,1977-04-03,1977-03-28
2320,1977-03-27,1977-03-21
2321,1977-03-20,1977-03-14
2322,1977-03-13,1977-03-07
2323,1977-03-06,1977-02-28
2324,1977-02-27,1977-02-21
2325,1977-02-20,1977-02-14
2326,1977-02-13,1977-02-07
2327,1977-02-06,1977-01-31
2328,1977-01-30,1977-01-24
2329,1977-01-23,1977-01-17
2330,1977-01-16,1977-01-10
2331,1977-01-09,1977-01-03
2332,1977-01-02,1976-12-27
2333,1976-12-26,1976-12-20
2334,1976-12-19,1976-12-13
2335,1976-12-12,1976-12-06
2336,1976-12-05,1976-11-29
2337,1976-11-28,1976-11-22
2338,1976-11-21,1976-11-15
2339,1976-11-14,1976-11-08
2340,1976-11-07,1976-11-01
2341,1976-10-31,1976-10-25
2342,1976-10-24,1976-10-18
2343,1976-10-17,1976-10-11
2344,1976-10-10,1976-10-04
2345,1976-10-03,1976-09-27
2346,1976-09-26,1976-09-20
2347,1976-09-19,1976-09-13
2348,1976-09-12,1976-09-06
2349,1976-09-05,1976-08-30
2350,1976-08-29,1976-08-23
2351,1976-08-22,1976-08-16
2352,1976-08-15,1976-08-09
2353,1976-08-08,1976-08-02
2354,1976-08-01,1976-07-26
2355,1976-07-25,1976-07-19
2356,1976-07-18,1976-07-12
2357,1976-07-11,1976-07-05
2358,1976-07-04,1976-06-28
2359,1976-06-27,1976-06-21
2360,1976-06-20,1976-06-14
2361,1976-06-13,1976-06-07
2362,1976-06-06,1976-05-31
2363,1976-05-30,1976-05-24
2364,1976-05-23,1976-05-17
2365,1976-05-16,1976-05-10
2366,1976-05-09,1976-05-03
2367,1976-05-02,1976-04-26
2368,1976-04-25,1976-04-19
2369,1976-04-18,1976-04-12
2370,1976-04-11,1976-04-05
2371,1976-04-04,1976-03-29
2372,1976-03-28,1976-03-22
2373,1976-03-21,1976-03-15
2374,1976-03-14,1976-03-08
2375,1976-03-07,1976-03-01
2376,1976-02-29,1976-02-23
2377,1976-02-22,1976-02-16
2378,1976-02-15,1976-02-09
2379,1976-02-08,1976-02-02
2380,1976-02-01,1976-01-26
2381,1976-01-25,1976-01-19
2382,1976-01-18,1976-01-12
2383,1976-01-11,1976-01-05
2384,1976-01-04,1975-12-29
2385,1975-12-28,1975-12-22
2386,1975-12-21,1975-12-15
2387,1975-12-14,1975-12-08
2388,1975-12-07,1975-12-01
2389,1975-11-30,1975-11-24
2390,1975-11-23,1975-11-17
2391,1975-11-16,1975-11-10
2392,1975-11-09,1975-11-03
2393,1975-11-02,1975-10-27
2394,1975-10-26,1975-10-20
2395,1975-10-19,1975-10-13
2396,1975-10-12,1975-10-06
2397,1975-10-05,1975-09-29
2398,1975-09-28,1975-09-22
2399,1975-09-21,1975-09-15
2400,1975-09-14,1975-09-08
2401,1975-09-07,1975-09-01
2402,1975-08-31,1975-08-25
2403,1975-08-24,1975-08-18
2404,1975-08-17,1975-08-11
2405,1975-08-10,1975-08-04
2406,1975-08-03,1975-07-28
2407,1975-07-27,1975-07-21
2408,1975-07-20,1975-07-14
2409,1975-07-13,1975-07-07
2410,1975-07-06,1975-06-30
2411,1975-06-29,1975-06-23
2412,1975-06-22,1975-06-16
2413,1975-06-15,1975-06-09
2414,1975-06-08,1975-06-02
2415,1975-06-01,1975-05-26
2416,1975-05-25,1975-05-19
2417,1975-05-18,1975-05-12
2418,1975-05-11,1975-05-05
2419,1975-05-04,1975-04-28
2420,1975-04-27,1975-04-21
2421,1975-04-20,1975-04-14
2422,1975-04-13,1975-04-07
2423,1975-04-06,1975-03-31
2424,1975-03-30,1975-03-24
2425,1975-03-23,1975-03-17
2426,1975-03-16,1975-03-10
2427,1975-03-09,1975-03-03
2428,1975-03-02,1975-02-24
2429,1975-02-23,1975-02-17
2430,1975-02-16,1975-02-10
2431,1975-02-09,1975-02-03
2432,1975-02-02,1975-01-27
2433,1975-01-26,1975-01-20
2434,1975-01-19,1975-01-13
2435,1975-01-12,1975-01-06
2436,1975-01-05,1974-12-30
2437,1974-12-29,1974-12-23
2438,1974-12-22,1974-12-16
2439,1974-12-15,1974-12-09
2440,1974-12-08,1974-12-02
2441,1974-12-01,1974-11-25
2442,1974-11-24,1974-11-18
2443,1974-11-17,1974-11-11
2444,1974-11-10,1974-11-04
2445,1974-11-03,1974-10-28
2446,1974-10-27,1974-10-21
2447,1974-10-20,1974-10-14
2448,1974-10-13,1974-10-07
2449,1974-10-06,1974-09-30
2450,1974-09-29,1974-09-23
2451,1974-09-22,1974-09-16
2452,1974-09-15,1974-09-09
2453,1974-09-08,1974-09-02
2454,1974-09-01,1974-08-26
2455,1974-08-25,1974-08-19
2456,1974-08-18,1974-08-12
2457,1974-08-11,1974-08-05
2458,1974-08-04,1974-07-29
2459,1974-07-28,1974-07-22
2460,1974-07-21,1974-07-15
2461,1974-07-14,1974-07-08
2462,1974-07-07,1974-07-01
2463,1974-06-30,1974-06-24
2464,1974-06-23,1974-06-17
2465,1974-06-16,1974-06-10
2466,1974-06-09,1974-06-03
2467,1974-06-02,1974-05-27
2468,1974-05-26,1974-05-20
2469,1974-05-19,1974-05-13
2470,1974-05-12,1974-05-06
2471,1974-05-05,1974-04-29
2472,1974-04-28,1974-04-22
2473,1974-04-21,1974-04-15
2474,1974-04-14,1974-04-08
2475,1974-04-07,1974-04-01
2476,1974-03-31,1974-03-25
2477,1974-03-24,1974-03-18
2478,1974-03-17,1974-03-11
2479,1974-03-10,1974-03-04
2480,1974-03-03,1974-02-25
2481,1974-02-24,1974-02-18
2482,1974-02-17,1974-02-11
2483,1974-02-10,1974-02-04
2484,1974-02-03,1974-01-28
2485,1974-01-27,1974-01-21
2486,1974-01-20,1974-01-14
2487,1974-01-13,1974-01-07
2488,1974-01-06,1973-12-31
2489,1973-12-30,1973-12-24
2490,1973-12-23,1973-12-17
2491,1973-12-16,1973-12-10
2492,1973-12-09,1973-12-03
2493,1973-12-02,1973-11-26
2494,1973-11-25,1973-11-19
2495,1973-11-18,1973-11-12
2496,1973-11-11,1973-11-05
2497,1973-11-04,1973-10-29
2498,1973-10-28,1973-10-22
2499,1973-10-21,1973-10-15
2500,1973-10-14,1973-10-08
2501,1973-10-07,1973-10-01
2502,1973-09-30,1973-09-24
2503,1973-09-23,1973-09-17
2504,1973-09-16,1973-09-10
2505,1973-09-09,1973-09-03
2506,1973-09-02,1973-08-27
2507,1973-08-26,1973-08-20
2508,1973-08-19,1973-08-13
2509,1973-08-12,1973-08-06
2510,1973-08-05,1973-07-30
2511,1973-07-29,1973-07-23
2512,1973-07-22,1973-07-16
2513,1973-07-15,1973-07-09
2514,1973-07-08,1973-07-02
2515,1973-07-01,1973-06-25
2516,1973-06-24,1973-06-18
2517,1973-06-17,1973-06-11
2518,1973-06-10,1973-06-04
2519,1973-06-03,1973-05-28
2520,1973-05-27,1973-05-21
2521,1973-05-20,1973-05-14
2522,1973-05-13,1973-05-07
2523,1973-05-06,1973-04-30
2524,1973-04-29,1973-04-23
2525,1973-04-22,1973-04-16
2526,1973-04-15,1973-04-09
2527,1973-04-08,1973-04-02
2528,1973-04-01,1973-03-26
2529,1973-03-25,1973-03-19
2530,1973-03-18,1973-03-12
2531,1973-03-11,1973-03-05
2532,1973-03-04,1973-02-26
2533,1973-02-25,1973-02-19
2534,1973-02-18,1973-02-12
2535,1973-02-11,1973-02-05
2536,1973-02-04,1973-01-29
2537,1973-01-28,1973-01-22
2538,1973-01-21,1973-01-15
2539,1973-01-14,1973-01-08
2540,1973-01-07,1973-01-01
2541,1972-12-31,1972-12-25
2542,1972-12-24,1972-12-18
2543,1972-12-17,1972-12-11
2544,1972-12-10,1972-12-04
2545,1972-12-03,1972-11-27
2546,1972-11-26,1972-11-20
2547,1972-11-19,1972-11-13
2548,1972-11-12,1972-11-06
2549,1972-11-05,1972-10-30
2550,1972-10-29,1972-10-23
2551,1972-10-22,1972-10-16
2552,1972-10-15,1972-10-09
2553,1972-10-08,1972-10-02
2554,1972-10-01,1972-09-25
2555,1972-09-24,1972-09-18
2556,1972-09-17,1972-09-11
2557,1972-09-10,1972-09-04
2558,1972-09-03,1972-08-28
2559,1972-08-27,1972-08-21
2560,1972-08-20,1972-08-14
2561,1972-08-13,1972-08-07
2562,1972-08-06,1972-07-31
2563,1972-07-30,1972-07-24
2564,1972-07-23,1972-07-17
2565,1972-07-16,1972-07-10
2566,1972-07-09,1972-07-03
2567,1972-07-02,1972-06-26
2568,1972-06-25,1972-06-19
2569,1972-06-18,1972-06-12
2570,1972-06-11,1972-06-05
2571,1972-06-04,1972-05-29
2572,1972-05-28,1972-05-22
2573,1972-05-21,1972-05-15
2574,1972-05-14,1972-05-08
2575,1972-05-07,1972-05-01
2576,1972-04-30,1972-04-24
2577,1972-04-23,1972-04-17
2578,1972-04-16,1972-04-10
2579,1972-04-09,1972-04-03
2580,1972-04-02,1972-03-27
2581,1972-03-26,1972-03-20
2582,1972-03-19,1972-03-13
2583,1972-03-12,1972-03-06
2584,1972-03-05,1972-02-28
2585,1972-02-27,1972-02-21
2586,1972-02-20,1972-02-14
2587,1972-02-13,1972-02-07
2588,1972-02-06,1972-01-31
2589,1972-01-30,1972-01-24
2590,1972-01-23,1972-01-17
2591,1972-01-16,1972-01-10
2592,1972-01-09,1972-01-03
2593,1972-01-02,1971-12-27
2594,1971-12-26,1971-12-20
2595,1971-12-19,1971-12-13
2596,1971-12-12,1971-12-06
2597,1971-12-05,1971-11-29
2598,1971-11-28,1971-11-22
2599,1971-11-21,1971-11-15
2600,1971-11-14,1971-11-08
2601,1971-11-07,1971-11-01
2602,1971-10-31,1971-10-25
2603,1971-10-24,1971-10-18
2604,1971-10-17,1971-10-11
2605,1971-10-10,1971-10-04
2606,1971-10-03,1971-09-27
2607,1971-09-26,1971-09-20
2608,1971-09-19,1971-09-13
2609,1971-09-12,1971-09-06
2610,1971-09-05,1971-08-30
2611,1971-08-29,1971-08-23
2612,1971-08-22,1971-08-16
2613,1971-08-15,1971-08-09
2614,1971-08-08,1971-08-02
2615,1971-08-01,1971-07-26
2616,1971-07-25,1971-07-19
2617,1971-07-18,1971-07-12
2618,1971-07-11,1971-07-05
2619,1971-07-04,1971-06-28
2620,1971-06-27,1971-06-21
2621,1971-06-20,1971-06-14
2622,1971-06-13,1971-06-07
2623,1971-06-06,1971-05-31
2624,1971-05-30,1971-05-24
2625,1971-05-23,1971-05-17
2626,1971-05-16,1971-05-10
2627,1971-05-09,1971-05-03
